Price,Close,High,Low,Open,Volume,SMA20,EMA20,RSI
Ticker,AAPL,AAPL,AAPL,AAPL,AAPL,,,
Date,,,,,,,,
2023-01-03,123.09601593017578,128.83399514878522,122.21021915687207,128.2237854341601,112117500,,123.09601593017578,
2023-01-04,124.36565399169922,126.62935597280962,123.10585750129947,124.88728777203856,89113600,,123.7625759124756,
2023-01-05,123.04680633544922,125.75340309203497,122.79091532129203,125.12350481122068,80962700,,123.49974961483312,
2023-01-06,127.57418823242188,128.2336117453076,122.91884655664052,124.02117217456781,87754700,,124.6759770474232,
2023-01-09,128.09584045410156,131.30439758356596,127.83994943275363,128.41079711233908,70790800,,125.50321290309282,
2023-01-10,128.6666717529297,129.1883055110105,126.09786503081405,128.20408860626057,63896200,,126.1705582218242,
2023-01-11,131.38314819335938,131.402821722743,128.40097153395064,129.17849644752224,69458900,,127.15612996440325,
2023-01-12,131.30441284179688,132.14098840377943,129.36550386584642,131.76699610111268,71379600,,127.8731815040111,
2023-01-13,132.63308715820312,132.79056549396478,129.58202324711493,129.94617875784812,57809700,,128.6366936457474,
2023-01-17,133.79444885253906,135.12313266732727,132.01301865225,132.7019674841355,63646600,,129.4134068887967,
2023-01-18,133.0760040283203,136.42233624485746,132.898837136548,134.6605941996835,69672800,,129.93603322142934,
2023-01-19,133.1350555419922,134.0995841255356,131.6587298451973,131.9638347529944,58280400,,130.37183012907286,
2023-01-20,135.69400024414062,135.84164181281548,132.10161400912494,133.14488168206822,80223600,,131.0683107604536,
2023-01-23,138.8828887939453,141.05801539977267,135.72354499448727,135.94007397852303,81760300,,132.05577847651395,89.42986469485933
2023-01-24,140.28042602539062,140.90048744485267,138.08562666123444,138.0954634232415,66435100,,133.06369300730105,90.11962171622733
2023-01-25,139.6210174560547,140.18201330953534,136.61915274790366,138.6663258108729,65799300,,133.8459178158188,86.6605552021092
2023-01-26,141.68789672851562,141.9733130723702,139.66039693887691,140.91035682918778,54105100,,134.75941773151686,93.24222584128833
2023-01-27,143.62677001953125,144.9062550377642,140.82176076743906,140.90049992434123,70555800,,135.77086812264764,92.31990281107696
2023-01-30,140.74302673339844,143.2527830109075,140.59540019505755,142.67209860282117,64015300,,136.3275350147264,79.64946320565598
2023-01-31,142.01266479492188,142.06187864867766,140.03439402480078,140.4477633640219,65874500,133.63600120544433,136.9535575895135,80.29509420943944
2023-02-01,143.13467407226562,144.29605796571016,139.08955653554688,141.69772563249788,77663600,134.63793411254883,137.62421824678782,78.75738213232724
2023-02-02,148.4396209716797,148.79392468833726,145.83143680858885,146.54991104174482,118339000,135.84163246154785,138.7823453433493,83.39102815320874
2023-02-03,152.0615234375,154.8960731461596,145.4967979818679,145.69363837431163,154357300,137.2923683166504,140.1876533309962,84.75367363271207
2023-02-06,149.33523559570312,150.68362304726807,148.40023248441526,150.16198925829823,69858300,138.38042068481445,141.14557878992318,76.32554227493115
2023-02-07,152.20916748046875,152.7800151967711,148.26246234257331,148.26246234257331,83322600,139.58608703613282,142.2932654008119,80.20513003340145
2023-02-08,149.52223205566406,152.14025265616812,148.78406936876726,151.45130381865607,64120100,140.62886505126954,143.03684718367782,73.8880634197555
2023-02-09,148.48878479003906,151.89418154841005,148.04589023070798,151.3528593012469,56007100,141.48414688110353,143.59339846163792,69.51946198737839
2023-02-10,148.85354614257812,149.1788354914484,147.08911426452642,147.32569243849323,57450700,142.3616035461426,144.12672055921348,66.64533684392327
2023-02-13,151.6529998779297,152.05713357186568,148.76483299254943,148.79440338379132,62199000,143.3125991821289,144.88513880118,68.1367927857073
2023-02-14,151.01229858398438,151.5741661946545,148.70571743057644,149.94771919605148,61707600,144.17349166870116,145.49917230997085,68.17747299331425
2023-02-15,153.11184692382812,153.27941747242824,150.69683660205456,150.92354792770303,65573800,145.17528381347657,146.2582986109157,68.21061736298742
2023-02-16,151.51498413085938,154.09756497312395,151.16012443154224,151.3178281549916,68167900,146.09428024291992,146.78015042277593,62.713013968129054
2023-02-17,150.3715362548828,150.8151070910907,148.69581585093724,150.17439533222245,59144100,146.82815704345703,147.13524828081972,66.43995147846857
2023-02-21,146.3596649169922,149.1394018439348,146.29067235544917,148.05510409777494,58867200,147.20199584960938,147.05884044475212,56.786650677057054
2023-02-22,146.78355407714844,147.80869615626176,145.0585442502877,146.74411685820635,51011300,147.52715225219725,147.03180879117946,55.823674414096466
2023-02-23,147.26654052734375,148.19311959888688,145.13739706863274,147.946689634791,48394200,147.90942840576173,147.05479024980417,47.78714396819064
2023-02-24,144.61492919921875,145.08807039598366,143.6390613800591,145.00921102304162,55469600,148.05578002929687,146.81655056602852,35.41926848360632
2023-02-27,145.80767822265625,147.03982803359767,145.344388690471,145.6006854773172,44998500,148.16482543945312,146.71827596836985,42.65159490606532
2023-02-28,145.30494689941406,146.95109701970668,144.7332276594082,144.95008720013072,50547000,148.3929214477539,146.58090151458072,34.04090972898733
2023-03-01,143.23492431640625,145.12750429739225,142.9392054041828,144.73322244168676,55479000,148.45403442382812,146.25631176444946,35.0402525742841
2023-03-02,143.82638549804688,144.6149643784106,141.8450789930105,142.31823534576338,52238100,148.48861999511718,146.0210038547917,38.66814813386313
2023-03-03,148.87326049804688,148.9521198871165,145.22610023869615,145.9259528752422,70732300,148.51030197143555,146.29676811910667,50.039031817577616
2023-03-06,151.6332550048828,154.06798373466975,151.26854354881283,151.59381779613093,87558000,148.4888885498047,146.811970476801,49.96084658518077
2023-03-07,149.4351043701172,151.83039589059405,148.9718149331636,151.50510660246357,56182000,148.4938819885254,147.06488650672412,47.05441815903058
2023-03-08,150.6869659423828,151.27840377958802,149.6618240709013,150.6278251668401,47204800,148.4177719116211,147.41370697236056,45.32318926137838
2023-03-09,148.4395294189453,152.33311931510104,148.08466971716794,151.36711819838627,53833600,148.36363677978517,147.51239251815412,44.21365104428335
2023-03-10,146.37939453125,148.78455331931613,145.50210448552664,148.0649820559655,68572400,148.2581672668457,147.40350143062295,42.73938905512068
2023-03-13,148.32127380371094,150.95314411845015,145.59082548311505,145.69925527320058,84457100,148.23155364990234,147.4916307052618,53.85812602563441
2023-03-14,150.4109649658203,151.2093955139033,147.95653254628945,149.11967456920323,73695900,148.16945190429686,147.7717398832362,56.69570732960345
2023-03-15,150.80528259277344,151.06156433450928,147.77911548729296,149.03098388604963,77167900,148.15910110473632,148.06260035407806,56.553489005601335
2023-03-16,153.6244354248047,154.22572509887632,149.47454848721353,149.98712698991974,76161100,148.18473052978516,148.59553429511374,66.58204058569487
2023-03-17,152.78656005859375,154.50171782493953,152.07684064085686,153.8511391851991,98944600,148.24830932617186,148.99688409001104,63.01467625506224
2023-03-20,155.1522674560547,155.5662829465371,151.94867858194203,152.85555389921097,73641400,148.48734588623046,149.58603891949068,67.17083081455246
2023-03-21,157.00543212890625,157.1237136794573,154.30455474450915,155.07342994575768,73938300,149.01963424682617,150.29583925164306,74.19469341620714
2023-03-22,155.576171875,159.824622189753,155.55645326577164,157.02518131500096,75701800,149.45926513671876,150.80078220876,70.05390877697391
2023-03-23,156.66043090820312,159.24302685232914,155.4282812343858,156.56186795883147,67622100,149.92895965576173,151.36090559177606,65.36968683592978
2023-03-24,157.96157836914062,158.0502895303303,155.59585715875076,156.59142861861952,59196500,150.5962921142578,151.99164149922197,63.25356686558751
2023-03-27,156.01971435546875,158.47416184588545,155.61556566491817,157.6560126824132,52390300,151.10689392089844,152.37642681868297,63.93995915527263
2023-03-28,155.3987274169922,156.226743517172,153.7525770821358,155.71416498675424,45992200,151.61158294677733,152.66505175925786,60.248807143596814
2023-03-29,158.47418212890625,158.75018247951246,157.07446176772007,157.09416533498404,51305700,152.37354583740233,153.21967016530456,71.06801739951676
2023-03-30,160.04144287109375,160.14987263415844,158.96701206310877,159.2232937572216,49501700,153.18429870605468,153.87081582139115,79.29001748196845
2023-03-31,162.54518127441406,162.64375926608275,159.59788883873148,160.120319104618,68749800,153.86789474487304,154.69861715951987,79.77721187743332
2023-04-03,163.79702758789062,163.91530912930577,161.87487733545584,161.92416632467473,56976200,154.47608337402343,155.56671817686288,79.042006958675
2023-04-04,163.26478576660156,164.4574983782598,162.75220722625122,164.22093523724538,46278300,155.16756744384764,156.30108115721143,76.8709555977949
2023-04-05,161.42144775390625,162.69303455117807,159.489445623491,162.38746386000238,51511700,155.70429153442382,156.7894654024048,67.55439790083088
2023-04-06,162.3086395263672,162.60435849941234,159.6866210280676,160.11047335808198,45390100,156.39774703979492,157.31581312665742,71.39075798761196
2023-04-10,159.71615600585938,159.71615600585938,157.79400566862077,159.11486640899105,47716900,157.0645851135254,157.54469737574215,60.14908447554745
2023-04-11,158.50375366210938,160.0414742096721,158.21788648492154,160.03162242596915,47644200,157.5737091064453,157.6361373368944,53.429677534728484
2023-04-12,157.81373596191406,159.7457382241708,157.49829842634344,158.9177372546322,50133100,157.94384765625,157.65306845661698,55.301221109011934
2023-04-13,163.1957550048828,163.4323331532267,159.11487595150933,159.32188371142138,68445600,158.56337127685546,158.18142235587146,62.8638019636641
2023-04-14,162.8507537841797,163.9449032227771,161.48060404043056,162.23959735915352,49386500,159.02468719482422,158.62648564147494,60.000012483747724
2023-04-17,162.87046813964844,163.02818690758198,161.68760746192598,162.73246797792896,41516200,159.52888259887695,159.03097462736534,65.20788042649852
2023-04-18,164.09275817871094,165.019337094876,163.28446081239204,163.72804670609275,49923000,159.97590713500978,159.51337315083748,68.79790434966216
2023-04-19,165.23622131347656,165.75865162452376,163.1760554202755,163.43235220441335,47720200,160.38744659423827,160.0587376122798,65.9534669397835
2023-04-20,164.2701873779297,165.47276665465435,163.1957564794937,163.71818673436218,52456400,160.82214736938477,160.4600486400199,60.268039418956455
2023-04-21,162.66348266601562,164.07305473489896,162.14105238473394,162.69305305620966,58337300,161.1222999572754,160.67000390770377,50.300337409885216
2023-04-24,162.96902465820312,163.23517316391397,161.5495860155954,162.64373538253156,41949600,161.3726722717285,160.88905682260676,47.791808890386406
2023-04-25,161.43136596679688,163.9350881077864,161.39192874454255,162.8310865389587,48714100,161.64325485229492,160.94072634597123,45.35933798294285
2023-04-26,161.42144775390625,162.91974586384254,160.47516529354857,160.73144699304368,45498800,161.94439086914062,160.98652620562052,50.0
2023-04-27,166.00506591796875,166.1529178634098,162.83104713478986,162.83104713478986,64902300,162.32093505859376,161.46464169127293,58.5498661309552
2023-04-28,167.25689697265625,167.42448254310634,165.48261369922477,166.08390326571939,55275900,162.68170776367188,162.01645141877646,68.59504132231405
2023-05-01,167.168212890625,168.01593249804148,166.2317821133474,166.86264216717663,52472900,162.91285934448243,162.5072292430315,72.61966031909418
2023-05-02,166.13319396972656,167.91735928630777,165.14747425578494,167.6610625345139,48425700,163.02966766357423,162.85264446592325,71.33468149646107
2023-05-03,165.0587615966797,168.47921017635485,164.77290950021637,167.07949000013943,65136000,163.11936645507814,163.0627977858085,56.132381570408825
2023-05-04,163.42250061035156,164.65465052310523,161.96363932510113,162.53535868952594,81235400,163.21941909790038,163.0970621200958,51.73454555554527
2023-05-05,171.09136962890625,171.81094077356033,168.32148473339686,168.5383442631647,113453200,163.65855560302734,163.85856393422668,67.03437765784224
2023-05-08,171.02236938476562,171.3673772990156,169.65221959190652,170.01693107088172,55962800,164.22386627197267,164.54094397243267,65.0794283259055
2023-05-09,169.31710815429688,171.06182151405454,169.14953757945023,170.5788283985824,45326900,164.76453399658203,164.99588482450005,58.66841345458859
2023-05-10,171.08154296875,171.5448325237521,169.44524432941884,170.54926084220077,53724500,165.42792434692382,165.57554978924452,63.99369265156289
2023-05-11,171.268798828125,172.09679977091955,169.71135988855104,171.3673768150292,49514700,165.83157653808593,166.11783040537654,68.77431854801124
2023-05-12,170.34095764160156,171.8117019924622,168.79122976444327,171.3773829679925,45533100,166.20608673095703,166.5200775767161,65.65825491679323
2023-05-15,169.847412109375,170.97268634600138,169.2551561693846,170.92332917405315,37266700,166.55493392944337,166.836998356387,68.70567375886525
2023-05-16,169.847412109375,170.903583292935,169.58089543020992,169.76844364659667,42110300,166.84266662597656,167.12373043968228,68.73597865430368
2023-05-17,170.4593963623047,170.69628668546216,168.21871333171157,169.492059065459,57951600,167.10382537841798,167.44143898526653,62.02935482515097
2023-05-18,172.78890991210938,172.97645812210007,170.35081330561755,170.76538642479474,65496700,167.52976150512694,167.95075975320142,64.11796683458101
2023-05-19,172.89752197265625,174.11163026725697,172.68036243226308,174.11163026725697,55809500,168.04146347045898,168.42191162045242,64.60661918596057
2023-05-22,171.94989013671875,172.45331220735133,171.2095777379714,171.73273062815065,43570900,168.49050674438476,168.75793000073105,64.89578115096748
2023-05-23,169.34402465820312,171.14052366482818,169.06764251282962,170.89375281633775,50747300,168.8861396789551,168.8137516097216,60.175834878700456
2023-05-24,169.62037658691406,170.19288666082696,168.317434571077,168.88006417332414,45143500,169.29608612060548,168.89057685908566,65.7337109779301
2023-05-25,170.7555694580078,171.6538039402033,169.47235797554546,170.1830592562416,56058300,169.53361129760742,169.06820319904074,48.724404921303424
2023-05-26,173.16400146484375,173.49962120538788,170.87397623432938,171.08127033696854,54835000,169.8289665222168,169.4582951146473,56.907633763610626
2023-05-30,175.0098419189453,176.67801481811213,174.28927545149398,174.67423726963298,55964400,170.2210479736328,169.98703334468775,68.19636598458563
2023-05-31,174.96047973632812,177.03336027410137,174.47680359439627,175.0394481918492,99625300,170.66241226196288,170.46071070067032,63.92553037640181
2023-06-01,177.76377868652344,177.79338997239293,174.64459270694314,175.40465085487386,68901800,171.29766311645508,171.15626196945843,69.63003819430674
2023-06-02,178.61273193359375,179.43201293417297,176.94455863641292,178.6917004102191,61996900,172.0571746826172,171.86642135069354,75.11990013187855
2023-06-05,177.26040649414062,182.56103856696868,175.74028990045602,180.27101332814428,121946500,172.3656265258789,172.38014690875193,71.39594328919831
2023-06-06,176.89520263671875,177.79343698174293,175.13818052764557,177.64538051324874,64848400,172.65926818847657,172.81016182464836,69.92187971753859
2023-06-07,175.5231475830078,178.86935913776645,175.02960596689772,176.135134367242,61944600,172.9695701599121,173.0685466443085,63.7239154708242
2023-06-08,178.2376251220703,178.50412674833163,175.1677956906412,175.60209965770608,50214900,173.32737426757814,173.56084883740616,64.46540855025485
2023-06-09,178.62258911132812,179.87617397731293,178.2968498358667,179.1556074319137,48900000,173.69506378173827,174.04292731763664,64.97927961737159
2023-06-12,181.416015625,181.51472997018058,178.63244881890137,178.92857679274874,54274900,174.2488166809082,174.74513671821336,72.58598644488393
2023-06-13,180.94219970703125,181.77134589189876,180.08344223425368,180.4387927508673,54929100,174.803556060791,175.3353411888235,80.80737336154277
2023-06-14,181.57394409179688,182.00826309164242,179.668880824476,181.00143405215442,57462900,175.3898826599121,175.92950112874075,81.16301660963578
2023-06-15,183.6073455810547,184.11076766616947,181.4061542027307,181.5838370156226,65433200,176.04728012084962,176.6607325188843,82.00573649514435
2023-06-16,182.53140258789062,184.57467180700263,181.88980460620309,184.31802056497352,101256200,176.53440475463867,177.2198495638351,74.9866499519724
2023-06-20,182.62026977539062,183.69620198313194,182.02802885230534,182.02802885230534,49799100,177.0205421447754,177.7341799672458,72.39963532333616
2023-06-21,181.58383178710938,183.015099412311,180.23151756348105,182.51167734169172,49515700,177.50223922729492,178.10081648516842,68.42387631960503
2023-06-22,184.58456420898438,184.63392138287654,181.29757524213758,181.36667829792557,51245300,178.26426620483397,178.7183208570732,68.7669351094049
2023-06-23,184.26870727539062,185.13734541827677,182.62027993546528,183.1533133637622,53117000,178.9966827392578,179.24693264140436,66.03235623344516
2023-06-26,182.8768768310547,185.62096644420274,182.83738507538382,184.4167239450006,48088700,179.60274810791014,179.59264371480253,65.88480012428846
2023-06-27,185.63088989257812,185.95662920109734,183.27176132029933,183.48892085931215,50730800,180.22609252929686,180.16771794436167,71.76568720782757
2023-06-28,186.80551147460938,187.4471095844542,185.17683008088284,185.50255431027165,51216800,180.81587600708008,180.7998919046737,78.39025839938137
2023-06-29,187.14111328125,187.6149240946042,186.49951518133068,186.63770623646846,46347300,181.42490768432617,181.40382047091592,75.45125346002423
2023-06-30,191.4645538330078,191.96796090675178,188.7895513940242,189.15478246637608,85213200,182.10994644165038,182.36198945869472,79.96295977197688
2023-07-03,189.97402954101562,191.37568580561538,189.28305928715224,191.27697146600818,31458200,182.6780113220215,183.0869483306431,71.26021203427968
2023-07-05,188.85862731933594,190.48730854754436,188.15779163185775,189.09553270560195,46920300,183.25792236328124,183.63663387801063,69.05881289770835
2023-07-06,189.33242797851562,189.53972207962792,186.756140199604,187.3878728511301,45094300,183.8797836303711,184.179092096669,68.82170207473304
2023-07-07,188.21702575683594,190.1813268348204,187.78272178125238,188.93760736945495,46815000,184.5144775390625,184.56365825757933,61.70416700889377
2023-07-10,186.1737823486328,187.5359621262765,184.6240543335807,186.81538047079187,59922200,184.91128540039062,184.71700378807108,58.81514876004369
2023-07-11,185.65060424804688,186.85484691926047,184.18972537508213,186.71665587805697,46638100,185.26268615722657,184.80591831639998,57.18290073508668
2023-07-12,187.3188018798828,189.2238654174545,186.0355905787657,187.22995293607858,60750200,185.5578254699707,185.0452410446891,63.19849700630344
2023-07-13,188.07884216308594,188.72045533421505,187.32866429002723,188.03936545890204,41342300,185.91465759277344,185.33415596572584,58.96651393640772
2023-07-14,188.22689819335938,188.71055932283986,187.18059240914323,187.77283329330808,41616200,186.24730529785157,185.60965568173052,60.24516936259757
2023-07-17,191.48426818847656,191.81000743962883,189.33241906132668,189.421252931179,50520200,186.64115142822266,186.16914342541202,70.31684677455371
2023-07-18,191.22763061523438,191.8198865800326,189.93455398917624,190.85254922844402,48288200,187.07596282958986,186.65090476323235,64.97614680697124
2023-07-19,192.57992553710938,195.6694855056854,190.1615598085878,190.60575926840173,80507300,187.57394561767578,187.2155741009274,65.30603825538861
2023-07-20,190.6354217529297,193.9322766922405,190.01355439154148,192.57009678127483,59581200,188.0265251159668,187.54127423873334,58.53432205948009
2023-07-21,189.4607696533203,192.4516308259383,188.75993388819955,191.5928731808388,71951700,188.27033538818358,187.72408350937758,44.216506650224616
2023-07-24,190.26028442382812,192.3923877240068,189.76674282999198,190.9117629424984,45377800,188.56991424560547,187.96562667302445,50.86053940591589
2023-07-25,191.1190643310547,191.9284798692301,190.42810903120733,190.83281680029503,37283200,188.98202362060547,188.26595431585744,56.90181476636141
2023-07-26,191.98768615722656,193.11296042478057,190.8229351880455,191.1684052777898,47471900,189.29986343383788,188.62040523098477,57.9164585363457
2023-07-27,190.72421264648438,194.65279947329122,190.06286872536143,193.48804855415668,47460200,189.49579849243165,188.82076797678428,57.409573628554035
2023-07-28,193.3004913330078,194.0901608500724,191.63231843190331,192.15547128634879,48291400,189.80376739501952,189.24740855612222,70.41849842792041
2023-07-31,193.91249084472656,193.95198260711592,192.7378594315981,193.52752900074864,38824100,189.92616424560546,189.69170235210458,73.55099349385705
2023-08-01,193.08334350585938,194.1888718595327,192.75760424557473,193.7052107356477,35175100,190.08162994384764,190.0147159562709,67.25769066668128
2023-08-02,190.0924530029297,192.65885986117044,189.3718866034585,192.52066883850895,50389300,190.14332122802733,190.0221194878618,55.31794684148679
2023-08-03,188.70069885253906,189.885195713569,188.22690312046603,189.09554118067888,61235200,190.11173477172852,189.89626985221255,51.17417369950742
2023-08-04,179.63926696777344,184.9596445164711,179.57016391801557,183.12366926443607,115956800,189.6828468322754,188.9194120741441,27.203598680624737
2023-08-07,176.5398406982422,180.7645556934903,175.0592158617292,179.77747246914834,97576100,189.20114974975587,187.74040488277302,24.520508711550306
2023-08-08,177.4775848388672,177.94151520653074,175.2862586525361,177.3690050706545,67823000,188.79249877929686,186.76299315474728,23.419063993713465
2023-08-09,175.8883514404297,178.59294967088076,174.72358547458126,178.53372709089916,60378500,188.22097625732422,185.727312708401,23.715649575355258
2023-08-10,175.67120361328125,178.41529378720278,175.30598763799586,177.16169386807627,54686900,187.600594329834,184.76958779583515,24.553717998318447
2023-08-11,175.73048400878906,176.55087114534,174.50485775151037,175.26594233781003,52036700,186.97577362060548,183.90872057588467,22.434670842946588
2023-08-14,177.3811798095703,177.60851131506328,175.25607590732963,175.90843422608452,43675600,186.27061920166017,183.28704990086467,24.6973493547912
2023-08-15,175.39442443847656,177.40090780634856,174.99906405268155,176.80786722765603,43622600,185.47895889282228,182.53537114772584,20.647249610233686
2023-08-16,174.52464294433594,176.47180884084688,174.45544657600635,175.07815356283987,46964900,184.5761947631836,181.77244452573944,20.938896556481453
2023-08-17,171.9844207763672,175.4537562487029,171.47044012349116,175.08804707675128,66062900,183.64364471435547,180.8402516479411,11.710652396520615
2023-08-18,172.46876525878906,173.07169980381985,169.968073231539,170.30413115315332,61172200,182.7940444946289,180.0429671217748,11.303887630227408
2023-08-21,173.80307006835938,174.08971916130307,171.7274054668453,173.04200058882003,46311900,181.97118377685547,179.44869113898957,15.830885120780906
2023-08-22,175.17697143554688,175.62175563939851,174.2083279343983,175.00894251773767,42038900,181.17407913208007,179.0418606458672,21.959188684776862
2023-08-23,179.02194213867188,179.44696895877536,176.2642675025049,176.45206899868776,52722800,180.52579193115236,179.03996364499133,33.340774704520655
2023-08-24,174.33688354492188,179.0022100012417,173.97115923354147,178.57718312099877,54945800,179.70642547607423,178.59205121379387,39.254626425745585
2023-08-25,176.54100036621094,177.07473842454561,173.78332608108835,175.3252527852027,51449600,178.8684509277344,178.39671302176865,50.00243857674393
2023-08-28,178.10269165039062,178.49805204021447,176.48168992086147,178.0038440119186,43820700,178.07796096801758,178.36871098431573,51.28087760141622
2023-08-29,181.98715209960938,182.75811538578077,177.42067493043544,177.61835511729424,53003900,177.52315139770508,178.71332444706775,61.42237326652938
2023-08-30,185.47628784179688,185.67398314097,182.6000082560471,182.7976884731864,60813900,177.29234313964844,179.3574162381789,66.35886417213587
2023-08-31,185.69374084472656,186.92926105598286,185.30825914209595,185.66408956621913,60794500,177.14199523925782,179.96087575777332,66.53548730852373
2023-09-01,187.26531982421875,187.7199827815663,186.09898099052413,187.29497110047913,45766500,177.52329788208007,180.65653713212134,66.44737410059156
2023-09-05,187.50253295898438,187.77928826308653,185.4367469097816,186.09898389331408,45280000,178.0714324951172,181.3085367640931,71.39375364306116
2023-09-06,180.7911834716797,186.66237722656214,179.36786194540127,186.21757793807612,81755800,178.23711242675782,181.25926501994743,59.177763693882056
2023-09-07,175.503173828125,176.1456533918577,171.52973657694065,173.15073850258275,112488800,178.21785354614258,180.7110658385771,54.76956233078865
2023-09-08,176.11599731445312,178.15214742516778,175.73051558651892,176.2840413464044,65551300,178.24009323120117,180.27344025022913,54.92655257771906
2023-09-11,177.2823028564453,178.21141635408188,175.2856982178241,177.98408488615974,58953100,178.31768417358398,179.98857001363817,54.721051814276095
2023-09-12,174.25778198242188,178.04341790139725,172.79493020499618,177.4108321261293,90370200,178.16151428222656,179.4427806624041,48.80620677354789
2023-09-13,172.19198608398438,175.24618840249718,171.96463950783718,174.46533118918654,84267900,178.00139236450195,178.75222878070434,40.6998275468013
2023-09-14,173.70425415039062,174.060084556446,171.56927171405846,171.98440467411754,60895800,177.9603729248047,178.27146928133925,49.05709209567536
2023-09-15,172.98269653320312,174.45544195430384,171.806494041059,174.43566940930017,109259500,178.0102867126465,177.76777662845637,44.451276008788604
2023-09-18,175.90841674804688,177.30208708635865,174.1292647291417,174.43567131089117,67257600,178.18226928710936,177.59069473183854,46.71792765034805
2023-09-19,176.9956817626953,177.54919237650395,175.07815207769175,175.46363376102514,51826900,178.34189987182617,177.5340268290757,41.85225609024062
2023-09-20,173.4571533203125,177.61837681135137,173.36818440563272,177.18347129792434,58436200,178.25590896606445,177.14575315574922,30.41235011215167
2023-09-21,171.9152374267578,174.25779428093645,171.84605612937938,172.5280657800123,63149100,177.90057373046875,176.64760879384534,28.474352434123006
2023-09-22,172.76524353027344,175.0287248458324,172.03382526857388,172.6466384244914,56725400,177.82199172973634,176.2778597165832,26.824558417037323
2023-09-25,174.04031372070312,174.92000347180993,172.13266274999066,172.1820865728236,46172700,177.69695739746095,176.06476009556008,29.174279269454516
2023-09-26,169.96804809570312,173.1705067749598,169.67152023376326,172.7949188930673,64588900,177.29022521972655,175.48412085164108,31.76821610462035
2023-09-27,168.45574951171875,171.0355161486817,167.09174554279588,170.6203831944849,66921800,176.61365509033203,174.81475214651232,36.39826410444587
2023-09-28,168.71273803710938,170.03721192481018,165.678293523344,167.3783703364052,56294400,175.77547760009764,174.2336079408342,35.512500014930026
2023-09-29,169.22674560546875,171.06520035560507,168.36681324873706,170.02736032081233,51861100,174.95212783813477,173.7567639053441,33.82301840562985
2023-10-02,171.73727416992188,172.28090596787308,168.94993390517055,169.23658298137698,52164500,174.17572555541992,173.5644315482939,44.831681730916046
2023-10-03,170.4029083251953,171.61867083541966,168.84122435442626,170.2645306917589,49594600,173.32074432373048,173.26333409663974,46.21804015072488
2023-10-04,171.6483612060547,172.19199313339385,168.98951921036945,169.10812432832188,53020300,172.8636032104492,173.10952715383107,45.60443109623175
2023-10-05,172.88388061523438,173.41761872545223,170.67970163713667,171.77684421895017,48527900,172.73263854980468,173.08803700719082,49.7932715574096
2023-10-06,175.43399047851562,175.92819856079907,171.17390414032383,171.78673241813826,57266700,172.69853820800782,173.31146114832558,48.991626072686465
2023-10-09,176.9166259765625,176.97592853708252,173.7635757979471,174.76187075811515,42390800,172.68025436401368,173.6548101809886,49.83474748995439
2023-10-10,176.32354736328125,177.6381425852869,175.88864186643335,176.03691333055846,43698000,172.78354263305664,173.90897562786046,56.83312866296902
2023-10-11,177.7172393798828,177.7666632072918,175.54272671219826,176.13576739500243,47551100,173.05980529785157,174.27166741498,63.9296950443051
2023-10-12,178.61668395996094,180.227791982292,176.96601576479657,177.98409824545533,56743100,173.30542678833007,174.68547851575377,64.01511884417299
2023-10-13,176.77822875976562,179.82253713140665,176.07644667980117,179.31845034069394,51427100,173.4952033996582,174.88478806334803,56.38540771065952
2023-10-16,176.64974975585938,177.00558020178707,174.46534325240765,174.70256857703768,52517000,173.53227005004882,175.05287965352724,69.09597089021382
2023-10-17,175.097900390625,176.35319301979084,172.7751316803463,174.60369235668924,57549400,173.4373809814453,175.05716734278425,68.94011911433515
2023-10-18,173.80307006835938,175.52291937992672,173.08153059369246,173.54608733160953,54764400,173.45467681884764,174.93772950688265,63.703987301629034
2023-10-19,173.42750549316406,175.77992569036093,173.16062890788183,174.0007735918687,59302900,173.53029022216796,174.79389864816946,61.39405061373689
2023-10-20,170.8773956298828,173.3879661145723,170.64017031492207,173.27923973046956,64244000,173.43589782714844,174.42089836009467,47.672681168099054
2023-10-23,170.99598693847656,171.99428177951037,167.96154224302492,168.93020088937016,55980100,173.2836814880371,174.09471631945087,51.718290233137175
2023-10-24,171.43089294433594,171.65822442721412,169.4639394511676,171.045411263789,43816600,173.35682373046876,173.84101885480962,49.338892352452206
2023-10-25,169.11801147460938,171.0552987076063,168.67321213575732,169.88897487497013,57157000,173.3899368286133,173.39120862757107,39.25549458682414
2023-10-26,164.95677185058594,169.39476582537458,163.75090293239452,168.3964558542296,70625300,173.2021385192871,172.5879289336317,22.62397723910975
2023-10-27,166.27137756347656,167.00281099505466,164.89747962237493,164.97655472973753,58499100,173.0543701171875,171.98635261205936,21.938524731933626
2023-10-30,168.3173828125,169.18719386762373,166.91383366211736,167.06210513671374,51131000,172.8833755493164,171.63692691654518,30.396895137668423
2023-10-31,168.79180908203125,168.92029290970513,165.9550448299652,167.38826013413149,44846000,172.8028205871582,171.365963313035,27.11591081051263
2023-11-01,171.9547576904297,172.2117404582064,168.14934950515965,169.01916053768616,56934900,172.81814041137696,171.42203896806674,34.69570606512691
2023-11-02,175.5130615234375,175.7206204672586,173.42750286114074,173.4868054165182,77334800,172.9495994567871,171.811660164079,47.306405838232315
2023-11-03,174.6036834716797,174.77172746685503,171.34192267930985,172.2216123316697,79829200,172.9080841064453,172.07756714591744,45.784025761614515
2023-11-06,177.15382385253906,177.35150406781844,174.16881791314302,174.33684685023218,63841300,172.91994400024413,172.56102016586246,54.06889062431109
2023-11-07,179.7138214111328,180.32663456302825,176.89682951103612,177.1043884447924,70530000,173.0894577026367,173.2422393324188,61.14012852788807
2023-11-08,180.77142333984375,181.32493395317235,179.4864793691692,180.23768527185777,49340300,173.24216690063477,173.95930447630698,63.494324315079446
2023-11-09,180.29698181152344,181.98716487212562,179.7039261272927,180.84061367506283,53763500,173.3261817932129,174.56289279419332,68.73763869850748
2023-11-10,184.48350524902344,184.6517706680945,181.64301825007877,182.07849676599454,66133400,173.7114456176758,175.50771302833604,73.09237703213482
2023-11-13,182.8999481201172,184.11729742228064,182.31601793716675,183.9094650326421,43627500,174.02395553588866,176.21173541826502,68.89337768053925
2023-11-14,185.51280212402344,186.17591157835597,184.38452385663774,185.77012344749633,60108400,174.5447006225586,177.09755129527207,76.74340692081037
2023-11-15,186.07691955566406,187.55160515956638,185.84928859059917,185.91857611582427,53790500,175.15839309692382,177.9527292250674,89.03201791243437
2023-11-16,187.75946044921875,188.99660829200764,186.7103463929358,187.62090049490251,54412900,175.87499084472657,178.88670362759896,89.17917652236862
2023-11-17,187.7397003173828,188.42260848281387,186.63122045575878,188.29394024819484,50922700,176.71810607910157,179.72984616967216,88.23804022011655
2023-11-20,189.4815673828125,189.93684445013852,187.92771748948175,187.93760923589429,46505100,177.64238510131835,180.65858152349296,88.79712999598273
2023-11-21,188.6798858642578,189.55084275358138,187.78914548337832,189.44197314241592,38134500,178.50483474731445,181.42251527037266,84.40992876274717
2023-11-22,189.343017578125,190.94635649331246,188.8679569924961,189.52117473642568,39617700,179.51608505249024,182.17684882361718,82.30152077595497
2023-11-24,188.0167694091797,188.93720009481962,187.30417109040621,188.90750975669584,24048300,180.66908493041993,182.73303173661145,80.72947546228451
2023-11-27,187.838623046875,188.7095799535061,186.95777439426936,187.9672912540552,40552600,181.74744720458983,183.2192785281312,77.46386400771236
2023-11-28,188.44235229492188,189.1153685705385,187.45263402635211,187.82873180101734,38415400,182.75369567871093,183.7167141250296,74.9440752953653
2023-11-29,187.42295837402344,190.11499348364924,187.02707707633283,188.93722623545,43014200,183.68525314331055,184.0696897678302,69.05011419186856
2023-11-30,187.9969940185547,188.36320007044645,186.2550951920731,187.88812439803064,48794400,184.48736495971679,184.44371874412732,71.92787753747
2023-12-01,189.27374267578125,189.5904446947665,187.28439912721964,188.37309535289532,45704800,185.17539901733397,184.90372102337435,66.35137542332538
2023-12-04,187.48233032226562,188.09596593756666,185.52269231677565,188.02667840765253,43389500,185.81933135986327,185.14930286138423,65.42301051479023
2023-12-05,191.43128967285156,192.4012092663407,188.22459731438218,188.2543027537032,66628400,186.5332046508789,185.74758731966384,68.27621887321607
2023-12-06,190.34262084960938,192.7575206909756,190.1347733725338,192.45071045016567,41089700,187.06464462280275,186.18520956064054,62.75908905443164
2023-12-07,192.27256774902344,192.99505783958267,191.5995514892092,191.63914867608756,47477700,187.63970184326172,186.76495795956953,63.30222580021318
2023-12-08,193.69775390625,193.97487379172213,191.67872033849463,192.20326977184553,53406400,188.30974044799805,187.42522424024224,66.2175486629879
2023-12-11,191.19375610351562,191.50058143348204,189.45185749474888,191.12448368196934,60943700,188.64525299072267,187.7841320367624,54.4748394465412
2023-12-12,192.70806884765625,192.71796059458774,189.7488055095461,191.09482308550778,52696900,189.13565902709962,188.25307839972587,60.1496665490188
2023-12-13,195.92465209960938,195.96423418895137,192.8466274130704,193.08415015292962,70404200,189.6562515258789,188.98370446641133,64.69287398983809
2023-12-14,196.07310485839844,197.567574144968,194.14315707722483,195.98403383047588,66831600,190.15606079101562,189.65888545614936,68.98326389318345
2023-12-15,195.53863525390625,196.36008808380646,194.97448862167192,195.49903806818725,128538400,190.54501953125,190.21886162738303,67.84401392364063
2023-12-18,193.8759002685547,194.60829718334298,192.39132294807408,194.07384089090513,55751900,190.8518295288086,190.5671510217909,62.00258729770305
2023-12-19,194.9151153564453,194.92500710230044,193.87590816937887,194.14313632648785,40714100,191.12350692749024,190.9812428631979,66.5355290631104
2023-12-20,192.82684326171875,195.64753172216422,192.82684326171875,194.87555255598716,52242800,191.3308547973633,191.15701432972804,59.99184310992167
2023-12-21,192.6783447265625,195.0536776254948,191.51048442189503,194.08375795359612,46482500,191.49762115478515,191.30190293895362,57.38823149200395
2023-12-22,191.6094512939453,193.40083883584492,190.98592398969686,193.1731927744169,37149600,191.67725524902343,191.33119325847724,59.246091840467095
2023-12-26,191.06512451171875,191.89648427525853,190.84738527337694,191.6193643540786,28919300,191.8385803222656,191.30585337783313,49.03200354330995
2023-12-27,191.16407775878906,191.51048519395766,189.12526053943682,190.51087517820892,48087700,191.97466659545898,191.29235093792394,52.29151999264466
2023-12-28,191.5896759033203,192.65857351066379,191.18388776405135,192.14391575114956,34049900,192.18300247192383,191.32066760129544,47.920484579041464
2023-12-29,190.55047607421875,192.40124458871406,189.75869835988954,191.90638540499626,42672100,192.31067657470703,191.24731602728713,40.18531137106813
2024-01-02,183.73130798339844,186.5025222946912,181.99930092657837,185.22577720716953,82488700,192.0335548400879,190.53150573738415,31.663555971148142
2024-01-03,182.3555908203125,183.96883642924203,181.5440145919006,182.32590048043423,58414500,191.77721786499023,189.75284717384486,24.38783892341796
2024-01-04,180.03965759277344,181.2075179249861,179.0202489631632,180.27718031693732,71983600,191.20763626098633,188.82778149944778,8.867268343681332
2024-01-05,179.3171844482422,180.8809414369887,178.31757423411605,180.11886909142459,62379700,190.65636444091797,187.92201035170567,7.864662392696687
2024-01-08,183.65213012695312,183.6917273170526,179.63387614033877,180.21780632812883,59144500,190.22534255981446,187.51535509220207,24.905969139580577
2024-01-09,183.23646545410156,183.24635720149604,180.85124046635073,182.02900778818224,42841800,189.70227813720703,187.1078417933323,26.2902758527824
2024-01-10,184.2756805419922,184.48351295933534,182.02901543293186,182.45460221923815,46792900,189.35637435913085,186.83811215034572,26.2902758527824
2024-01-11,183.68182373046875,185.12681915669637,181.73207738578324,184.62205313633504,49128400,188.9050621032715,186.53751325321275,28.166302849432128
2024-01-12,184.0084228515625,184.8199990991005,183.28593272766105,184.14698280822722,40477800,188.30925064086915,186.2966475006733,29.47514586506145
2024-01-16,181.74195861816406,182.36547081733983,179.06970738606304,180.28707165025173,65603000,187.59269332885742,185.8628676070988,27.893534977848276
2024-01-17,180.80172729492188,181.04915686376333,178.44620806884475,179.40623600410183,47317400,186.8558479309082,185.38085424403215,27.407351674676505
2024-01-18,186.69053649902344,187.19528731081454,183.91932270270127,184.1766439809261,78005800,186.49657974243163,185.50558588736516,42.152749152850866
2024-01-19,189.5904083251953,189.9763978035435,186.8785902318415,187.38334105678896,68903000,186.23034439086913,185.89461659573138,46.77310036922762
2024-01-22,191.89649963378906,193.32169654358245,190.28325381202234,190.32285100501898,60133900,186.18382720947267,186.46622450411974,52.087179178984016
2024-01-23,193.17323303222656,193.73737977781175,191.83712223283266,193.01488956324005,42355600,186.20857162475585,187.10498722108423,67.67978184918474
2024-01-24,192.5001983642578,194.36087349468033,192.3418398208385,193.41073733606618,53631300,186.25310897827148,187.61881685376883,69.50891790806084
2024-01-25,192.17359924316406,194.2520137003454,191.124500268323,193.21280647175473,54822100,186.30853271484375,188.05260565275995,75.26789606738359
2024-01-26,190.44155883789062,192.7574956142312,189.96649836882335,192.27254340064795,44594000,186.27240676879882,188.2801250037253,72.23082463419081
2024-01-29,189.75869750976562,190.22386634852867,187.63080907007364,190.03581744325376,47145600,186.18085784912108,188.42094143287227,64.28899911309661
2024-01-30,186.1066131591797,189.82796344587697,185.54248160944437,188.9768051464624,55859400,185.95866470336915,188.2005292163297,55.83256846596547
2024-01-31,182.5040283203125,185.1762795166647,182.45455449229945,185.11688373962707,55467800,185.89730072021484,187.65800532147,46.739433847073215
2024-02-01,184.93878173828125,185.0278527702626,181.93004443231115,182.09829474891072,64885400,186.02646026611328,187.39903164688022,52.16651465085282
2024-02-02,183.93914794921875,185.40392677166545,177.4070012757119,178.01073002917815,102551700,186.22143478393554,187.06951891376917,49.88330404796152
2024-02-05,185.75030517578125,187.30417000412038,183.92922730587782,186.21547393955785,69668800,186.5430908203125,186.94387951015113,56.85738704502015
2024-02-06,187.35366821289062,187.36355995873058,184.8496822422945,184.93875326056028,43490800,186.72816772460936,186.9829070056502,60.96022862440437
2024-02-07,187.46255493164062,189.0856924097343,186.67077723703076,188.67990426473503,53439000,186.93947219848633,187.02858776050647,51.601053888698665
2024-02-08,186.38375854492188,187.59120098390878,185.42373058041275,187.44274927884152,40962000,187.0448760986328,186.96717545426029,42.80653135776031
2024-02-09,187.1468048095703,188.2765227675386,186.30446474496694,186.9485964735415,45155200,187.2181251525879,186.98428301190887,38.55251099234911
2024-02-12,185.46212768554688,186.96842336096995,185.1053738445565,186.72067805809255,41781900,187.29081039428712,186.83931583796954,31.77346883865667
2024-02-13,183.3711700439453,184.53063145226378,181.85496988989732,184.09459726813964,56529500,187.37227096557618,186.50901623853844,29.7774806285922
2024-02-14,182.4891815185547,183.85674041023526,180.79461213824646,183.64864282656313,54630500,187.4566436767578,186.126174836635,29.062376289884128
2024-02-15,182.20181274414062,182.82613576875198,179.71445525689393,181.8946109768474,65434500,187.23220748901366,185.75242606592104,30.998788144932803
2024-02-16,180.665771484375,183.18287207946292,180.0315441516518,181.76576116844507,49752500,186.78597564697264,185.26798277244023,29.825185052773563
2024-02-20,179.92254638671875,180.78469520216953,178.3766181157698,180.15046783149373,53665600,186.18727798461913,184.75889359284747,34.24560405087382
2024-02-21,180.67572021484375,181.24057170015067,179.03068760645021,180.29914247718926,41371400,185.56240234375,184.37001993779933,44.55116952947789
2024-02-22,182.7072296142578,183.29192011230285,180.81446669725386,181.8252568033474,52292200,185.07275390625,184.21165895460484,43.18561144374811
2024-02-23,180.8739013671875,183.3711632214272,180.58650833781007,183.34143499372246,45119700,184.50776901245118,183.8937772796126,41.093293323117955
2024-02-26,179.52615356445312,181.11171437415507,179.0207434868858,180.59641504961763,40867400,183.9619987487793,183.47781311626397,31.413907423574415
2024-02-27,180.98289489746094,182.2612539462515,177.94057546451762,179.4666949255866,54318900,183.52320861816406,183.24020185733028,30.808019982845053
2024-02-28,179.78382873535156,181.4684939502017,178.50546948959806,180.86399474191828,48953900,183.20706939697266,182.9110234647608,28.293559493400082
2024-02-29,179.11984252929688,180.9234354771045,177.9108443188521,179.63515696026653,136682600,183.03786010742186,182.54995861376415,28.973033425972233
2024-03-01,178.03968811035156,178.90183692569335,175.78025215753124,177.93067957222544,73563100,182.6929054260254,182.1204090420105,24.112750438940438
2024-03-04,173.5208282470703,175.30458245485661,172.2226300679557,174.56134649455421,81510100,182.17198944091797,181.30140134725414,20.76671420684235
2024-03-05,168.58572387695312,170.48840604509627,168.0902332564625,169.21995126633416,95132400,181.31376037597656,180.0903844453205,18.228342506546284
2024-03-06,167.5947265625,169.6956168742887,167.1586924388991,169.51723240501005,68587700,180.32581329345703,178.9003217898136,18.143343417827694
2024-03-07,167.475830078125,169.1902233947002,166.97043508778398,167.62447121611535,71765100,179.32647705078125,177.81227496012883,18.275045463092397
2024-03-08,169.1902313232422,172.13344696276567,167.41638146834518,167.47583792632756,76267000,178.46680068969727,176.9911279470919,25.466186208286928
2024-03-11,171.19200134277344,172.8073055285168,170.49831753088682,171.3802901891083,60139500,177.66906051635743,176.438830175252,32.287920316149936
2024-03-12,171.6676788330078,172.4604668624585,169.4676992338398,171.58839851794536,59825400,176.97933807373047,175.98443480932394,31.516840670333124
2024-03-13,169.58660888671875,171.6280276345068,169.21993557914925,171.21181736641944,52488700,176.29011001586915,175.37511805479005,23.133082746704403
2024-03-14,171.4397430419922,172.73792596009017,170.49831395125625,171.35055836544484,72913500,175.737638092041,175.00032043452356,30.697458638325656
2024-03-15,171.0631561279297,171.0631561279297,168.75416830335303,169.6262365278927,121752700,175.18070526123046,174.62535240532412,31.967875611955805
2024-03-18,172.1532745361328,176.1072954101753,171.95508129819135,173.98659600973463,75604200,174.75508041381835,174.38991641778208,30.888121172888034
2024-03-19,174.49195861816406,175.0171774056643,171.4694631572472,172.76764601394297,55215200,174.48355102539062,174.39963472258034,39.08417455852989
2024-03-20,177.05862426757812,177.05862426757812,173.51090945491785,174.1352325028599,53423100,174.30269622802734,174.65287182210395,46.057668174522114
2024-03-21,169.82443237304688,175.88924720546055,169.2992135808601,175.4532130863986,106181300,173.6585563659668,174.19302044600326,37.28137294412965
2024-03-22,170.7262725830078,171.48933248689517,168.5262926884995,170.21095802650942,71160100,173.15117492675782,173.86285398286083,45.12789462819151
2024-03-25,169.3091583251953,170.38932429506946,167.92177545566648,169.0316847755244,54288300,172.64032516479492,173.42916868213075,51.43760222346071
2024-03-26,168.17945861816406,169.87402832990531,168.0506261984825,168.4668365684045,57388400,172.0001533508301,172.92919629508629,51.155603778170885
2024-03-27,171.74696350097656,172.0343565405087,168.57582642397568,168.87312383270142,60273300,171.59831008911132,172.81660269564725,57.42845632753539
2024-03-28,169.93344116210938,170.67667701496117,168.97218824939392,170.2010103030642,65672700,171.13899002075195,172.54201588292935,51.288166702370475
2024-04-01,168.49655151367188,169.70554992575666,167.9515087670476,169.64609346633853,46240500,170.66183319091797,172.15673356204766,45.23480808293342
2024-04-02,167.31727600097656,167.81276664190898,166.71277681419204,167.5551169522469,49329500,170.35165557861328,171.69583284194564,42.4957597362877
2024-04-03,168.11993408203125,169.14064338418203,167.0595921900174,167.26768974884823,47691700,170.3283660888672,171.35527105528715,47.35332602001031
2024-04-04,167.29747009277344,170.3695030458197,167.29747009277344,168.75419869027797,53704400,170.31350326538086,170.96881382076202,42.236309412818485
2024-04-05,168.05059814453125,168.85329051832247,167.42627513328318,168.06050251317026,42104800,170.34224166870118,170.69088851826385,44.43227420269092
2024-04-08,166.9307861328125,167.67402205960258,166.72268854116854,167.50555706407098,37425500,170.2292694091797,170.33278352917324,40.358524593211826
2024-04-09,168.1397705078125,168.54607640984824,166.83168324813985,167.17851757917794,42373800,170.07665786743163,170.1239251461865,37.76248526519706
2024-04-10,166.266845703125,167.56502882108228,165.60289002910008,167.27765088979615,49709300,169.8066162109375,169.75658424684732,28.638609674769256
2024-04-11,173.4613494873047,173.87757491447604,166.64340884278624,166.8217782077108,91070300,170.0003532409668,170.1094190316528,57.21029089947659
2024-04-12,174.95774841308594,176.7514221146486,172.63885584160187,172.68839280877705,101670900,170.17625350952147,170.5711646870274,58.195807552175076
2024-04-15,171.13253784179688,175.03700600653332,170.94424900321735,173.7784557074799,73531800,170.17972259521486,170.62462879700544,53.23031042575749
2024-04-16,167.85240173339844,172.19288913903023,166.7524119884344,170.20102235595408,73711200,169.9646789550781,170.3606071719,49.461606629718794
2024-04-17,166.48483276367188,169.1109267558204,166.48483276367188,168.08031301583728,50901200,169.5643226623535,169.9914857996878,40.66119757774279
2024-04-18,165.53350830078125,167.11908441586118,165.04793714543356,166.5145852231191,43122900,168.98806686401366,169.56691651407766,41.944842983185396
2024-04-19,163.51190185546875,164.89926951971245,162.6002009445124,164.7109957890585,68149400,168.67244033813478,168.990248451353,41.06565393569166
2024-04-22,164.3443145751953,165.75150603037284,163.28397258003716,164.0272084619306,48116400,168.35334243774415,168.5477785583856,44.60425597908567
2024-04-23,165.39476013183594,165.54341638804536,163.43262154349364,163.85875133255257,49537800,168.15762252807616,168.2474910891904,45.09806504806777
2024-04-24,167.49566650390625,167.77314006308927,164.71101142134987,165.03802194946388,48251800,168.1234329223633,168.17588874773475,50.34083221944252
2024-04-25,168.35780334472656,169.07131105182287,166.63349053238153,168.0010494911784,50558300,167.95397491455077,168.19321394744824,50.52631799090989
2024-04-26,167.7731170654297,169.79471202253325,167.6541890412428,168.3478879652858,44838400,167.8459587097168,168.15320472058934,51.47007520943438
2024-04-29,171.9352264404297,174.4424074952563,171.5388400360099,171.80639405446584,68169400,168.01789245605468,168.51339726533604,56.00501764044395
2024-04-30,168.7938232421875,173.4117990890393,168.46679764398493,171.76676673002254,65934800,168.09171981811522,168.54010450122666,53.84379711673438
2024-05-01,167.7731170654297,171.15236652369296,167.58482822154218,168.05059058657778,50383100,168.07437896728516,168.4670580787698,39.34670310890719
2024-05-02,171.46946716308594,171.85594920671264,169.34876810707777,170.95415273119292,94214900,168.2829788208008,168.75300180108565,43.96428545026544
2024-05-03,181.72613525390625,185.31348231884328,181.01262758822543,184.9666328542693,163224100,168.96675567626954,169.9885383204019,64.99300734336924
2024-05-06,180.0712127685547,182.53874644704828,178.79283846563771,180.70544017490002,78569700,169.62377700805663,170.94879302974977,68.12705317334125
2024-05-07,180.75497436523438,183.23242749590466,179.68472791941784,181.79550770435065,77305800,170.25453720092773,171.88271506170068,71.60869738008338
2024-05-08,181.09190368652344,181.41892928578648,179.81352951475225,181.20091221961113,45057100,170.99579010009765,172.75978064501714,74.00613175985086
2024-05-09,182.90542602539062,182.99461071341904,180.46760537105857,180.9135439323752,48983000,171.46799392700194,173.72603258600512,80.11701089068558
2024-05-10,181.6451416015625,183.669478466616,180.73220418072017,183.48093424482693,50759500,171.80236358642577,174.48023344462962,76.51481384649276
2024-05-13,184.850341796875,185.66405574980115,183.20307828852305,184.0167922414492,72044800,172.48825378417968,175.46786281151012,77.9698286546616
2024-05-14,185.99154663085938,186.8548800445926,184.8602962551219,186.0709344816443,52393600,173.39521102905275,176.4701184133529,77.3446819646096
2024-05-15,188.2639923095703,189.18684774302332,185.9320213621053,186.46788560358823,70400000,174.48416900634766,177.59334449870693,78.25160274873248
2024-05-16,188.383056640625,189.6333963773736,188.20444533062346,189.0082265089993,52845200,175.62664642333985,178.62093613127055,79.64215910681986
2024-05-17,188.41281127929688,189.34559954047234,187.72810435814964,188.0555735439889,41282900,176.87169189453124,179.55349566917783,76.89584077413197
2024-05-20,189.57383728027344,190.44708847543168,187.55941793463836,187.8769693298537,44361300,178.13316802978517,180.5078139178536,86.26296580919377
2024-05-21,190.873779296875,191.25085261805762,189.4547462309282,189.62343971650407,42309400,179.4071189880371,181.49504871585566,89.92361395697424
2024-05-22,189.43490600585938,191.3401840301744,188.8097513226368,190.79440205142186,34648500,180.50408096313475,182.25122560061791,83.67644291082621
2024-05-23,185.44577026367188,189.5341459487459,185.19768892080702,189.51429520164533,51005900,181.35847930908204,182.5554679494802,59.11404198807776
2024-05-24,188.52195739746094,189.11735863774422,186.59684388111853,187.37087155015982,36327000,182.3959213256836,183.1237050397641,69.35817168550888
2024-05-28,188.5319061279297,191.51880009814326,187.64873713728954,190.04022981736387,52280100,183.2257553100586,183.63877181006558,68.3821232806061
2024-05-29,188.82958984375,190.7745542503335,188.05557725890648,188.15481585355153,53068000,184.22754364013673,184.13313543232124,68.32335437526423
2024-05-30,189.82191467285156,190.70508365256933,189.16699143181853,189.29598343446253,49889100,185.32998352050782,184.67492393141936,67.0414992702607
2024-05-31,190.7745361328125,191.09208749217237,188.45249859880175,189.9707550742459,75158300,186.29523696899415,185.25583937917108,72.84014524754078
2024-06-03,192.54087829589844,193.49351725389894,191.04247253185534,191.41954585254337,50080500,186.83597412109376,185.9496526093356,70.73305980335131
2024-06-04,192.8584442138672,193.82100104656786,191.548567440495,193.1462119125533,47471400,187.47533569335937,186.60763276214814,69.37293422494746
2024-06-05,194.36676025390625,195.38885414673365,193.3744349100596,193.90036613096368,54156800,188.15592498779296,187.34659728517272,67.9929387058433
2024-06-06,192.9874267578125,194.9919281725913,192.67980832687616,194.1881470745491,41181800,188.7507011413574,187.88381913970983,62.63613857240009
2024-06-07,195.3789520263672,195.4285713258788,192.65005711175448,193.15613762673084,53103900,189.37437744140624,188.5976413193915,66.9238611046238
2024-06-10,191.6378631591797,195.7857909182053,190.6753063763642,195.3888517006261,97010200,189.8740135192871,188.88718625651418,54.45584344397947
2024-06-11,205.5601806640625,205.57011360777915,192.14395345618084,192.16378906024917,172373300,190.90950546264648,190.47509048580451,70.52132709505639
2024-06-12,211.43478393554688,218.5100538646653,205.3121227860245,205.7785169434978,198134300,192.18166732788086,192.47125176673237,77.35010956858508
2024-06-13,212.5957794189453,215.08651049080893,209.97604121171418,213.09194207290335,97862700,193.39825668334962,194.3878734478955,86.30568218778043
2024-06-14,210.85922241210938,213.5186471242216,209.67835280423736,212.20878551515116,70122700,194.52206497192384,195.95657334924923,80.97989844467216
2024-06-17,215.0071563720703,217.26965721764734,211.0874738193539,211.7324793139925,93728300,195.8517822265625,197.7709145895179,82.93825744919965
2024-06-18,212.6453857421875,216.95208913019513,211.36529274424583,215.9200623200828,79943300,197.0053596496582,199.18753088977218,78.1821753688547
2024-06-20,208.0707550048828,212.59577094768608,207.2471383568116,212.28813739547695,86172500,197.8652084350586,200.03355223406842,69.90684054833046
2024-06-21,205.89761352539062,210.26383945834172,205.52052500822026,208.77535128006048,241805100,198.68834381103517,200.59203426181335,66.06919228112727
2024-06-24,206.5426025390625,211.06760381745957,205.00449518251241,206.12582769938734,80727000,199.7431854248047,201.15875505012278,65.24087814798193
2024-06-25,207.46546936035156,209.75773850908567,207.0089930344414,207.54484206411715,55549700,200.69036102294922,201.7593945082398,65.69295585318274
2024-06-26,211.61337280273438,213.21101716086312,209.02340313251779,209.87680350658064,66213200,201.84443435668945,202.697868631525,67.53429528289769
2024-06-27,212.4568634033203,214.0842763709762,210.7202940415425,213.04233172557286,49772700,203.02579803466796,203.6272967050293,70.01224308883438
2024-06-28,209.00355529785156,214.41174043740799,208.68601906723538,214.1140398112984,82542700,203.98488006591796,204.13932133291712,63.70530092653705
2024-07-01,215.08651733398438,215.84067914098924,210.29358412725625,210.46227761796723,60402900,205.20047912597656,205.18191142825688,72.52621898144903
2024-07-02,218.57949829101562,218.68865467979296,213.4491783018458,214.49110775455017,58046200,206.5024101257324,206.4578720818529,65.64140017583958
2024-07-03,219.84967041015625,219.84967041015625,217.34900644671097,218.3115631866412,37369800,207.8519714355469,207.73328144645322,61.36725851599312
2024-07-05,224.6029052734375,224.71206166235044,219.94889718329503,219.94889718329503,60412400,209.36377868652343,209.3399122871184,64.78493704415871
2024-07-08,226.0715789794922,226.10134753003678,221.53664465186893,225.34717053841655,59085900,211.01798629760742,210.93340435305873,68.85608423378014
2024-07-09,226.92495727539062,227.63943274976205,224.63268810415036,226.180713251394,48076100,212.59528656005858,212.4564093932808,66.08622295415012
2024-07-10,231.19195556640625,231.29119415797783,227.49058625437067,227.54020555015646,62627700,214.57299118041993,214.24074712405465,73.80895295046824
2024-07-11,225.823486328125,230.60648662367137,224.03729767642758,229.61416127735984,64710600,215.58615646362304,215.34386514348995,72.33465498514342
2024-07-12,228.7706756591797,230.8545649156238,226.92494993371525,227.16311346469493,53046500,216.45295104980468,216.62260900212706,78.22676709987621
2024-07-15,232.60105895996094,235.409341553401,231.30111515749465,234.66509753137677,62631300,217.45321502685547,218.14436614096837,79.81379547529639
2024-07-16,233.01783752441406,234.4567062015191,230.54694204130521,233.19644881294397,43234300,218.5611457824707,219.56088722510606,79.57729164841562
2024-07-17,227.12344360351562,229.6836449661141,224.9006292447048,227.6890612108438,57345900,219.16696014404297,220.2811306897165,67.25549392159698
2024-07-18,222.45948791503906,228.67145424701283,220.56415801938329,228.51267855827928,66034600,219.65766525268555,220.48859328260437,60.25639260461792
2024-07-19,222.5885009765625,225.0593965950336,221.56640705838353,223.09459660515446,49151500,220.38355255126953,220.68858449155277,64.94868971473838
2024-07-22,222.2412109375,226.03188622300922,221.3778775132773,225.26779139889447,48201800,221.200732421875,220.8364536768811,59.01028835843611
2024-07-23,223.2831268310547,225.19832267550643,220.97100689389265,222.64803919770813,39960300,222.03775863647462,221.0694701677548,56.31328243499362
2024-07-24,216.86277770996094,223.0747441599071,215.46361045876344,222.280880842846,61777600,222.50762405395508,220.66883279082202,46.47788894650646
2024-07-25,215.8208465576172,219.15506035064124,212.97286249707204,217.24978234747041,51391200,222.7179977416992,220.2071198162311,38.65094936771263
2024-07-26,216.28724670410156,217.80550332568987,214.35220009781358,217.02155779536062,41601300,222.90951690673828,219.83379856745685,37.01945383509788
2024-07-29,216.5651092529297,217.61697179557376,214.0942134588753,215.29493390237633,36311800,223.2875946044922,219.52249482321616,36.042805109543366
2024-07-30,217.12078857421875,218.63904514115285,214.46134877521007,217.50779485320817,41643800,223.3893081665039,219.29376089474022,28.936394933230034
2024-07-31,220.3756103515625,222.10226187087767,218.93674165630796,219.7405227481965,50036300,223.47911376953124,219.39679417634235,41.293974897682894
2024-08-01,216.6841583251953,222.7571844619209,215.35444602521784,222.64802807062824,62501000,223.3208381652832,219.13844790480456,31.133816423279782
2024-08-02,218.17263793945312,223.86859053089324,216.03914463167754,217.46808032420208,105568600,222.99932479858398,219.04646600334254,25.70181186513412
2024-08-05,207.6639404296875,211.8614726265992,194.4957781490091,197.562059997048,119548600,222.07894287109374,217.96241594870872,18.134152408225162
2024-08-06,205.6395721435547,208.3783997216886,199.52685967053256,203.72439154098564,69660500,221.01467361450196,216.78881177678932,20.088351901792308
2024-08-07,208.209716796875,212.00039184379946,204.80603289763474,205.31211338628992,63516400,219.86556167602538,215.97175511203557,28.931929145706647
2024-08-08,211.6729278564453,212.55609685346144,207.22731432081122,211.4744658055274,47161100,219.1580337524414,215.56234299245554,35.3098138558168
2024-08-09,214.58045959472656,215.11630867247783,210.34322570654538,210.47223285968454,42201600,218.44852294921876,215.46883028790992,40.35481923799124
2024-08-12,216.11038208007812,218.07745621052726,214.19298467780987,214.65991863613397,38028100,217.6239891052246,215.5299304585926,41.07886463349506
2024-08-13,219.8259735107422,220.44192247615112,217.58071280084246,217.58071280084246,44155300,216.96439590454102,215.93907741594018,53.951339332222105
2024-08-14,220.27305603027344,221.57450454206742,218.2662343099079,219.13056699635618,41960600,216.62187652587892,216.35183728397192,56.03260060536893
2024-08-15,223.25347900390625,223.8793724762866,221.30626328939533,223.13426697458056,46414000,216.66157608032228,217.00913649539422,58.83697189328095
2024-08-16,224.57479858398438,225.34970708383625,222.19045191126241,222.45869413327577,44340200,216.76089096069336,217.72967574192663,59.898593363839296
2024-08-19,224.4158477783203,224.515201244893,221.5844407323156,224.24695901251525,40687800,216.86962280273437,218.36645403110697,59.10471250651781
2024-08-20,225.03176879882812,225.68746521443902,223.97868888483964,224.2966078109087,30299000,216.95705490112306,219.00124591374708,56.2209691098281
2024-08-21,224.92251586914062,226.49220666639903,223.58133501497932,225.04174306182065,34765500,217.36004180908202,219.56517638568934,62.172191593730176
2024-08-22,223.06471252441406,226.84984597984075,222.43881906323927,226.30343225653021,43695300,217.72223510742188,219.89846554175838,57.15001911239112
2024-08-23,225.35963439941406,226.73063334528243,222.866020162344,224.187342377279,38677300,218.1758544921875,220.41857686153512,84.03483471004043
2024-08-26,225.69740295410156,225.79675641202357,222.4288803537143,225.28014571740593,30602200,218.6324691772461,220.92132220368433,91.2545428297043
2024-08-27,226.54185485839844,227.356510742363,223.42234738221904,224.52510403050715,35934600,219.10352249145507,221.4566110279428,90.58628785703428
2024-08-28,225.0119171142578,228.35991942602843,224.20719049274723,226.43257756563742,38052200,219.33533782958983,221.79521160759185,82.2964202113825
2024-08-29,228.29039001464844,231.3999685703833,227.38634017099784,228.59837969678284,51906300,219.9156494140625,222.41380002731154,82.60880926423002
2024-08-30,227.50555419921875,228.8964117856607,225.99546942021698,228.68779072729976,52990800,220.38229522705078,222.89872899606462,78.0991318848694
2024-09-03,221.3162078857422,227.50554667965343,219.72664341730942,227.05848641015993,50190600,221.0649085998535,222.74801269984343,53.27517008992767
2024-09-04,219.40872192382812,220.33264539565292,216.06070449558098,220.2134333758585,43840200,221.75336608886718,222.42998500688958,48.21498911252076
2024-09-05,220.92872619628906,224.00848612752256,220.07433805346514,220.18362078658942,36615400,222.3893165588379,222.28700797730858,44.89075940240447
2024-09-06,219.37893676757812,223.77009004470926,218.33578603187902,222.48850009081283,48423000,222.77461700439454,222.0100488144771,38.69429754546638
2024-09-09,219.4683380126953,219.82598924771256,215.2957503769675,219.37892899374344,67180000,223.01901092529297,221.7679811190693,39.20200614097603
2024-09-10,218.67355346679688,220.03460793809228,215.31560663834654,217.49131703149231,51591000,223.1471694946289,221.4732737236148,36.23062932552249
2024-09-11,221.2069091796875,221.63409569372266,216.46803428284608,220.01474349397893,44587100,223.21621627807616,221.44790567181218,42.71802619412456
2024-09-12,221.3162078857422,222.09111639532034,218.38546260882887,221.04796566036197,37455600,223.26837387084962,221.4353630255198,46.321083763326804
2024-09-13,221.0479736328125,222.57791698251046,220.4618275881316,222.12092741382088,36766600,223.15809860229493,221.39846879764292,40.08228465210832
2024-09-16,214.90829467773438,215.80241517960704,212.52394807405793,215.126845002842,59357400,222.6747734069824,220.78035697669924,30.41127525971008
2024-09-17,215.37521362304688,215.48449636527135,213.10016491936787,214.34200737227792,45519300,222.22274169921874,220.26558141920853,29.444024046393963
2024-09-18,219.24977111816406,221.25659276615585,216.12031904206836,216.13026348358338,59894900,221.93364181518555,220.1688375810138,40.23569128041554
2024-09-19,227.37637329101562,228.32018565098164,223.16405353373213,223.52170475455895,66781300,222.05633468627929,220.85526955339492,48.66971981968897
2024-09-20,226.71075439453125,231.56884144729943,226.1345376792504,228.46920754640476,318679900,222.23863677978517,221.4129347763603,48.83920254230867
2024-09-23,224.99203491210938,227.95258288382507,224.336338501163,225.8563523524968,54146000,222.22025680541992,221.75380145595545,56.17486131496127
2024-09-24,225.8861846923828,227.8532741806864,224.2568878942957,227.15783023434298,43556100,222.22969589233398,222.14736176418663,61.2647162001727
2024-09-25,224.8927001953125,225.80669443859438,222.55804543582803,223.462095237407,42308700,222.1472381591797,222.408822567151,57.022198410900636
2024-09-26,226.03518676757812,227.00878694842402,223.93895622483703,225.81662129607273,36636700,222.1984016418457,222.7541905862393,61.96423105657931
2024-09-27,226.3034210205078,228.02214184296878,225.8166284941723,226.9690618971705,34026000,222.09905319213868,223.0922125323601,62.20719507901331
2024-09-30,231.4794464111328,231.4794464111328,228.15130238402674,228.53875664504176,54541900,222.29774780273436,223.89099671129082,69.77599613173771
2024-10-01,224.7337646484375,228.15130254219565,222.27988260723768,228.02216122790813,63285000,222.46862564086913,223.97126032435241,54.81946602545016
2024-10-02,225.30003356933594,225.8861795938886,221.56457676904253,224.41584231153624,32880600,222.76319122314453,224.097810157208,55.376767481228555
2024-10-03,224.197265625,225.3298253274289,221.8626109260752,223.67072564154154,34044200,222.92661819458007,224.1072821065215,54.15680126577894
2024-10-04,225.31988525390625,226.51205091107013,222.66731173997377,226.41269745663615,37245100,223.2236656188965,224.22276812055816,65.84035353591632
2024-10-07,220.2432403564453,224.21713611955545,219.885589131397,223.0348997045567,39505400,223.26241073608398,223.84376547635694,56.495229625793044
2024-10-08,224.29660034179688,224.50522136577493,221.79304193960246,222.83619253711748,31855700,223.54356307983397,223.88689260639882,56.70182221222602
2024-10-09,228.04200744628906,228.25064364916537,223.36275355639287,223.7601370790405,33591100,223.88531799316405,224.2826178292455,51.00030773054911
2024-10-10,227.5452880859375,228.0022928156644,225.6874964769055,226.2935162493635,28183500,224.19677200317383,224.59334832988284,51.26052705574327
2024-10-11,226.06500244140625,227.91286461183438,225.85636623992795,227.80358186995707,31759200,224.4476234436035,224.73350586431366,51.63242925010122
2024-10-14,229.79052734375,230.21771386522883,227.1081507143634,227.20748901369805,39882100,225.1917350769043,225.21512695759333,55.46895471844421
2024-10-15,232.32388305664062,235.9401275315396,230.853530735341,232.08544385770335,64751400,226.03916854858397,225.89215134797877,59.978657994359615
2024-10-16,230.2673797607422,230.60515724916505,228.34003796565733,230.0885617348273,34082200,226.59004898071288,226.30883976824197,55.54686721924485
2024-10-17,230.63497924804688,232.3238971476739,229.0156269629083,231.9066247344228,32993800,226.75297927856445,226.72085305203294,55.662350583702455
2024-10-18,233.4663543701172,234.63864623478992,232.48280980290272,234.63864623478992,46431500,227.09075927734375,227.36328174899333,52.76696421437714
2024-10-21,234.9367218017578,235.30431748145634,232.9199708414818,232.9199708414818,36254500,227.58799362182617,228.08456175401852,66.65582285361002
2024-10-22,234.32080078125,234.67845206201412,231.0820806870945,232.36365560029242,38846600,228.00972442626954,228.67848928042153,64.70212275987134
2024-10-23,229.2540283203125,233.6054487889833,226.2736066643371,232.552368896012,52287000,228.22779083251953,228.73330252231588,57.29850488563767
2024-10-24,229.06529235839844,229.31366084202813,226.91938502162782,228.4791312160334,31109500,228.37929611206056,228.76492060194278,55.55557064448595
2024-10-25,229.89981079101562,231.69799621804017,228.07182235817814,228.2407111108546,38802300,228.55911560058593,228.87300538185448,66.38570606691582
2024-10-28,231.87681579589844,233.19813797949908,231.032372026897,231.7973512193415,36087100,228.57898406982423,229.15908256414437,63.83751421279896
2024-10-29,232.14505004882812,232.80074647701065,230.80386934668286,231.57877779482254,35417200,228.94954833984374,229.4434604198285,58.579134062509375
2024-10-30,228.59835815429688,231.94636045913163,228.05194445904854,231.09197226998216,47070900,229.1144645690918,229.36297448977788,51.95281374501992
2024-10-31,224.4357147216797,228.33013097812315,223.89923027313517,227.84332326136388,64370100,229.1263870239258,228.8937116547209,47.252025523578745
2024-11-01,221.45529174804688,223.87937072005496,218.83252100898451,219.52794977327943,65276700,228.93315734863282,228.18529071122813,35.579250263991554
2024-11-04,220.56114196777344,221.33605042122997,218.2761640538016,219.54780947276666,44944500,228.9490524291992,227.4591813070896,28.425650673104315
2024-11-05,221.99176025390625,222.48849724939907,219.69683776020295,220.3525342324639,28111300,228.83381042480468,226.93847454011976,34.46479772908903
2024-11-06,221.2665252685547,224.5946691536601,219.74651129717958,221.15724252476647,54561100,228.49503631591796,226.3982888952088,32.64631346760558
2024-11-07,225.9954376220703,226.39283627600352,223.1044401056504,223.16404611393824,42137700,228.41754379272462,226.35992210729086,37.07016663585708
2024-11-08,225.7269287109375,227.4176895436531,225.17991383614745,225.9357792784742,38328800,228.40064010620117,226.29963702192387,33.36884191151145
2024-11-11,223.01174926757812,224.47376393957063,220.29658566640109,223.77757009002366,42005600,228.06170120239258,225.9865048548433,31.017200416768688
2024-11-12,223.01174926757812,224.36436096493557,222.14648085284745,223.33001798502116,40398300,227.59609451293946,225.7031947989133,37.37446809035953
2024-11-13,223.89691162109375,225.4185978724207,221.54973296285615,222.79294167641658,48566200,227.27757110595704,225.53116782959714,39.83293981619058
2024-11-14,226.98008728027344,227.62654977508777,223.77758025105393,223.79747584076947,44923900,227.09482650756837,225.66916015823298,44.723252523971176
2024-11-15,223.77757263183594,225.68713943052106,223.0515429787679,225.16996034674554,47923700,226.6103874206543,225.4890089652428,35.983321274089874
2024-11-18,226.78118896484375,228.49184554998246,223.9466667273122,224.02623391451505,44633700,226.2026107788086,225.61207372710953,41.520078197671054
2024-11-19,227.03973388671875,228.90952454109907,225.42854034251505,225.7467938634959,36211800,225.83855743408202,225.74804136135805,47.250005922881925
2024-11-20,227.755859375,228.6807994670743,224.66275517557906,226.82096389964158,35169600,225.7636489868164,225.93926212456205,56.66905530630471
2024-11-21,227.27845764160156,228.90954693288327,224.48372676835862,227.63650237265796,42108300,225.67430725097657,226.0668045547563,63.00444014325681
2024-11-22,228.62110900878906,229.46649702017746,226.82094518602503,226.82094518602503,38168300,225.61037216186523,226.31007164561655,67.64622954149428
2024-11-25,231.6048126220703,231.98275293866183,228.49182822914253,230.20248468460477,90152800,225.59677200317384,226.8143326909931,69.7063631432788
2024-11-26,233.78292846679688,234.2901673751303,232.0623317186483,232.0623317186483,45986200,225.67866592407228,227.47800847916488,74.21566086295756
2024-11-27,233.6536102294922,234.40949083683986,232.53970008294309,233.19611792325418,33498400,225.93142852783203,228.06616102681508,68.02430314139434
2024-11-29,236.04058837890625,236.51797629056327,232.698842645531,233.5342752849028,28481400,226.51167221069335,228.8256302984428,72.07311943694793
2024-12-02,238.2882843017578,239.4817615684827,235.8714939748314,235.98089694287458,48137100,227.35332183837892,229.72683544161566,83.36215807689308
2024-12-03,241.3316650390625,241.44106801091166,237.60203896586935,238.5070985351772,38861000,228.39184799194337,230.83205730803917,85.31429532830794
2024-12-04,241.68972778320312,242.78375758332757,239.9392952788925,241.55048900644988,44383900,229.3767463684082,231.8661211628167,85.00967361894229
2024-12-05,241.7195587158203,243.21140922639395,240.81451427308068,242.6644095132275,40033900,230.39939804077147,232.80454378691226,82.96249786725815
2024-12-06,241.52064514160156,243.3009285590703,240.76477968960373,241.5902721155965,36870600,231.17565841674804,233.63464867783506,95.8374526768243
2024-12-09,245.40939331054688,245.89673657618508,240.43655859300793,240.51612576959502,44649200,232.1597816467285,234.75605292856952,96.01949315975254
2024-12-10,246.42385864257812,246.86147053083658,244.00705305092782,245.54863486606115,36914800,233.33038711547852,235.86727252037988,96.16280776828295
2024-12-11,245.1508331298828,249.43741460876686,244.92207178593077,246.61284788068906,45205800,234.43734130859374,236.75142114985636,90.35527604143437
2024-12-12,246.61282348632812,247.38858448031883,244.3451969163318,245.54862958315107,32777500,235.57313690185546,237.69060232475843,92.89494690844882
2024-12-13,246.78192138671875,247.9356076049288,244.9021903118032,246.4736080363398,33155300,236.56322860717773,238.55644223542131,92.50464442058845
2024-12-16,249.6760711669922,250.0142354510927,246.304489938892,246.6426542229925,51694800,237.85815353393554,239.61545451461853,92.47309205722573
2024-12-17,252.1028289794922,252.45093348613432,248.42293425963442,248.72130738305802,51356400,239.12423553466797,240.80472827317791,92.56004815337616
2024-12-18,246.7023468017578,252.89849494785605,246.39403346062903,250.7900177691265,56774100,240.10736618041992,241.36640622828074,74.35049181522874
2024-12-19,248.43287658691406,250.6308762664829,245.7475488049507,246.15532490458142,60882300,241.14121704101564,242.03940340529343,73.70629035864425
2024-12-20,253.1073455810547,253.61456925624782,244.35515348919105,246.6923766885693,147495300,242.4326614379883,243.0934931363183,75.94018902072904
2024-12-23,253.8831024169922,254.26102752773247,252.07298333460633,253.38581895601413,40858800,243.69576110839844,244.12107497257296,73.86542397291791
2024-12-24,256.7972412109375,256.80716624287646,253.90303208844082,254.101957652135,23234700,244.95538253784179,245.32832890003624,76.18072758119551
2024-12-26,257.61273193359375,258.6868812844183,256.23029959445824,256.78725468311694,27237100,246.14687271118163,246.4982720460893,76.81214112544708
2024-12-27,254.2013702392578,257.29448932345014,251.68511699924173,256.42919055718573,42355300,247.17426071166992,247.2319004454387,69.30067890201441
2024-12-30,250.8297882080078,252.1227283114492,249.38766912858338,250.85962400320443,35557500,247.913720703125,247.57455642282622,58.382063195052375
2024-12-31,249.05946350097656,251.90392569582917,248.07483671879714,251.0684930674946,39480700,248.45227966308593,247.71597614455484,53.98258083467564
2025-01-02,242.52516174316406,247.74663833648884,240.50619200781614,247.57754859678104,55740700,248.511954498291,247.2216128682319,46.57673830855748
2025-01-03,242.03782653808594,242.85336358935695,240.5758118291158,242.03782653808594,40244100,248.52935943603515,246.7279189320275,43.879730177153405
2025-01-06,243.66891479492188,245.98625772407811,241.87869116125097,242.98266113735735,45045600,248.62682723999023,246.4365852046841,45.99229473313658
2025-01-07,240.89405822753906,244.21590806857427,240.0387300769128,241.65986382248775,40856000,248.59549789428712,245.90872549257506,38.65914416576616
2025-01-08,241.3813934326172,242.3859157551251,238.74579711055483,240.605632433071,37628900,248.39409790039062,245.4775510106743,35.42453550352812
2025-01-10,235.56321716308594,238.85523174451487,231.73412786407496,238.70603757812466,61710900,247.851065826416,244.5333287394754,35.026742135908634
2025-01-13,233.12649536132812,233.39503269669683,228.47192915300568,232.2612269401141,49630700,247.24984893798828,243.44696365584232,29.808450620308236
2025-01-14,232.01258850097656,234.8371551382162,231.20699165927476,233.47460320476435,39435300,246.51983718872071,242.35797554585508,19.287569612851684
2025-01-15,236.57763671875,237.66172623332486,233.15632396556444,233.36518970349533,39832000,246.00962295532227,241.8074670861308,27.30827608036344
2025-01-16,227.0198516845703,236.7168796666606,226.79110553013876,236.06047699847062,71759100,244.87681198120117,240.39912276217265,16.747983826308314
2025-01-17,228.7305145263672,231.0279618693864,227.2386640256131,230.85888730040747,68488300,243.70819625854492,239.28782673971497,18.37977909571505
2025-01-21,221.4303741455078,223.20070201452856,218.18809151282764,222.78298573737737,98070400,242.44459762573243,237.5871169688381,16.937568582438715
2025-01-22,222.61392211914062,222.90233985709415,218.59586314481808,218.59586314481808,64126500,241.15364990234374,236.16109841172405,20.218352525236583
2025-01-23,222.44485473632812,225.7965406078772,221.09224303438072,223.51898889751178,60234800,239.62052536010742,234.85478949025776,20.925689287937217
2025-01-24,221.56964111328125,224.40416321125562,220.207089142254,223.5587751677507,54697900,238.00485229492188,233.58953726387907,23.878013030740973
2025-01-27,228.6111602783203,230.88871192185238,222.76310174211312,222.80289291870474,94863400,236.595548248291,233.1154061223973,35.61379380703032
2025-01-28,236.9655303955078,238.88505261672515,229.5560092044273,229.59580038333414,75707600,235.5631881713867,233.4820846245983,43.72205338940495
2025-01-29,238.05953979492188,238.5568232574634,232.73860067537262,232.84800364416722,45486100,234.75609664916993,233.91803273605765,47.259084080251355
2025-01-30,236.29916381835938,239.48177510143526,235.9212386876704,237.37329797187644,55658300,234.0295654296875,234.14480712484828,45.20368315384232
2025-01-31,234.71780395507812,245.8470107317681,232.1717149504871,245.8470107317681,100959800,233.31248245239257,234.19937825153684,49.13279797049212
2025-02-03,226.77120971679688,230.5704628324937,224.47376244068877,228.7404632470789,73063300,232.52478485107423,233.49193362918066,44.14298266041618
2025-02-04,231.53521728515625,231.8634262398647,225.4186206897715,226.0153670030395,45067300,231.99965438842773,233.30557969165454,49.58778868955937
2025-02-05,231.20697021484375,231.4058805611787,227.02979223826367,227.2883741709104,39620300,231.37655715942384,233.10571212243445,44.99629525798708
2025-02-06,231.95291137695312,232.5297620441898,229.17806101517482,230.03338922164468,29925300,230.92949981689452,232.99592157524575,55.498889142511906
2025-02-07,226.39328002929688,232.72866665415378,226.0252799376335,231.33627899238985,39707200,230.18009414672852,232.36709857086964,47.60057358279653
2025-02-10,226.66209411621094,229.58933825388894,226.21404995469493,228.57377553913867,33115600,229.73503799438475,231.8237648132831,56.2771551872495
2025-02-11,231.61053466796875,234.2092091135714,227.1400288616486,227.20971719471092,53718400,229.65923995971679,231.80345718039604,59.89996635097478
2025-02-12,235.8420867919922,235.9317077791751,229.67894615315132,230.19669384296432,45243300,229.85071487426757,232.1880885719766,63.53253677439561
2025-02-13,240.48187255859375,241.28835511000761,234.54774465400956,235.8819260401158,53614100,230.04592666625976,232.97797276117825,67.75308013860624
2025-02-14,243.53855895996094,244.484433375407,239.94422402720738,240.2030902821229,40896200,230.8718620300293,233.983742875348,65.14555044243842
2025-02-18,243.40911865234375,244.11602908498713,240.7905267294893,243.0905000064508,48822500,231.6057922363281,234.88139771125236,57.84752913227033
2025-02-19,243.80738830566406,244.94244069837237,242.10481731288857,243.59830810290342,32204200,232.72464294433593,235.7314920535773,57.12087477509257
2025-02-20,244.7632293701172,245.7091038330044,243.2299036494767,243.87709210808563,32316900,233.83210830688478,236.59165751229537,60.69921469795943
2025-02-21,244.48443603515625,247.61080936192474,244.15586625078134,244.88269415360097,53197400,234.93408737182617,237.3433507049488,62.76615689744169
2025-02-24,246.0277099609375,247.7800669312537,243.3593319822528,243.86711335623195,51326400,236.156990814209,238.17043253885248,80.23119548417574
2025-02-25,245.9679718017578,248.91513366913293,243.84722519384715,246.92381259977986,48013300,237.02483139038085,238.91305532579582,76.5850880777812
2025-02-26,239.31695556640625,243.91690216055417,238.0922974197643,243.26972892021308,44433600,237.14240264892578,238.95152201537775,62.116310157989666
2025-02-27,236.27023315429688,241.4078448384303,236.0312691715791,238.3710773588995,41153600,237.05293731689454,238.69616117146526,56.03517268093573
2025-02-28,240.79054260253906,241.03945773883657,229.20105446423008,235.9217631442628,56833400,237.27750625610352,238.89562606966274,70.72820091925277
2025-03-03,236.9970703125,242.97103338088397,235.08540395372597,240.7407483660274,47184000,237.3914695739746,238.71481123564726,63.50859264028184
2025-03-04,234.9061737060547,239.02822274747484,233.6615980851158,236.6784633674393,53798100,237.7982177734375,238.35208385187653,54.6554100338018
2025-03-05,234.71701049804688,235.5234930679701,228.235250954078,234.39839184729655,47227600,237.95730743408203,238.00588638960704,48.2058150349162
2025-03-06,234.3087921142578,236.82781201573715,232.1482106078643,233.42265485870865,45170400,238.11239852905274,237.6537821729071,38.61972469657494
2025-03-07,238.03256225585938,240.32256924437755,233.74125275300776,234.08974000390756,46273600,238.41638107299804,237.68985646652163,40.09318159979135
2025-03-10,226.4928436279297,235.13518456664028,223.24699590534985,234.5178647329352,72071200,238.42135925292968,236.62347429141764,28.42268015955102
2025-03-11,219.88165283203125,224.8599551431671,216.50636447278404,222.8387656202518,76137400,238.08233718872071,235.02901510480942,23.657106261186925
2025-03-12,216.0384063720703,220.78771110845915,213.9773970817033,219.18469713036333,62547500,237.3037307739258,233.2203857016914,20.263869047355783
2025-03-13,208.77008056640625,215.899013195213,207.51555384047248,215.01287598245443,61368300,235.95013046264648,230.89178521261664,17.70215133531157
2025-03-14,212.5635528564453,213.02154815111564,208.67051688888432,210.3332680009786,60107600,234.55421447753906,229.14623927393365,20.920588306271213
2025-03-17,213.07135009765625,214.28605714072168,209.0588394397278,212.3843419118567,48073400,233.03085403442384,227.61529744762151,21.634642078154187
2025-03-18,211.76702880859375,214.21634506867483,210.57223927739028,213.23065092190424,42432400,231.44874954223633,226.1059385296189,23.83206719352924
2025-03-19,214.3059539794922,217.81066771448715,212.82241448637808,213.29037609854922,54385400,229.97367782592772,224.98213047722587,28.934310568735896
2025-03-20,213.17091369628906,216.5462020975973,211.29906714235267,213.0613904363763,48862900,228.39406204223633,223.8572526885652,21.670756748635256
2025-03-21,217.32281494140625,217.89033350890864,210.36314278996363,210.64192650603025,94127800,227.03598098754884,223.2349252840739,29.967559606116453
2025-03-24,219.7721405029297,220.5188858867363,217.63147647971348,220.04097309502072,44299500,225.72320251464845,222.9051362572983,34.702100749606686
2025-03-25,222.77903747558594,223.12752472855482,219.1249652538438,219.81197343150768,34493600,224.56375579833986,222.89312684951616,38.58312735690877
2025-03-26,220.56866455078125,224.04352508950674,219.51326687455483,222.5400680439697,34466100,223.6263412475586,222.6717494877319,37.29749082302596
2025-03-27,222.87860107421875,224.0136533961419,219.6028696378956,220.4292696466093,37094800,222.95675964355468,222.69144963882584,35.61436717874554
2025-03-28,216.9544219970703,222.8387793372666,216.73537546649092,220.7080664246457,39818600,221.76495361328125,222.14506605389676,39.864588791980786
2025-03-31,221.1660614013672,224.6409066608951,215.29165561007284,216.0682695484103,65299300,220.9734031677246,222.05182751556063,51.43813417574025
2025-04-01,222.2214813232422,222.70934527111467,217.95008904171658,218.85614379144315,36412700,220.33916854858398,222.0679850210541,57.38408911332763
2025-04-02,222.91844177246094,224.2128035366635,220.06090083198967,220.35960203797094,35905900,219.74924011230468,222.1489809021405,70.04233582385393
2025-04-03,202.30824279785156,206.58958563447752,200.37665915579902,204.64803566499702,103419000,218.1492126464844,220.25938679697012,40.160490877446954
2025-04-04,187.56253051757812,199.01262630823254,186.52703508606032,193.0486144227304,125910900,215.6257110595703,217.14540048464707,30.777316915219686
2025-04-07,180.6725616455078,193.30748067285785,173.86223225537526,176.43103817745248,160466300,213.3346969604492,213.6717967856814,28.387552341969723
2025-04-08,171.67176818847656,189.51400113284038,168.4757067407598,185.88979780340043,120859500,210.9242027282715,209.67179406213808,22.80925683069043
2025-04-09,197.98709106445312,199.7394480269994,171.14407803694525,171.20381523449285,184395900,210.02163696289062,208.5589652052157,42.670388261625554
2025-04-10,189.59365844726562,193.9347385570105,182.205859833413,188.24952597387417,121880000,209.06281585693358,206.7527455139824,37.141014947137755
2025-04-11,197.2901153564453,198.67408279715283,185.2525839628914,185.2924188893916,87435900,208.29914398193358,205.851542641836,40.05812163005072
2025-04-14,201.64117431640625,212.01595519155484,200.28707539108044,210.52246440005902,101352900,207.7276351928711,205.45055518227124,40.7623482792703
2025-04-15,201.26280212402344,202.62685207462172,198.93296032454862,200.98401841430368,51343900,207.2024238586426,205.05172155767622,41.425672271658186
2025-04-16,193.42697143554688,199.82906121923162,191.5352073519423,197.49921927320653,59732400,206.15847473144532,203.9446024984258,37.531627285872425
2025-04-17,196.1251983642578,197.9671763411939,193.5763099497932,196.34424488667963,52164700,205.30618896484376,203.19989734279076,40.93430822916357
2025-04-21,192.32179260253906,192.9590147372882,188.98632373298676,192.43131586910098,46742500,204.0561378479004,202.16388736752867,37.40107614227813
2025-04-22,198.8732452392578,200.715208155226,195.1196006832811,195.26894368988752,52976400,203.0111930847168,201.85049287912193,40.26890794780576
2025-04-23,203.71214294433594,207.09738254349836,201.9199510184256,205.10606155750318,52929200,202.0578483581543,202.02779288533276,42.26233448935873
2025-04-24,207.4657745361328,207.92378505310097,202.0593452871763,204.00088023313933,47311000,201.40270385742187,202.54569589969466,52.40438623148076
2025-04-25,208.371826171875,208.8397878176709,205.30519003897632,205.47445049920006,38222300,200.6773651123047,203.1005654494261,61.138341183826995
2025-04-28,209.2281036376953,210.5822025692478,206.55974070372147,209.08871177088434,38743100,200.29104919433593,203.68414051497555,66.34000898282437
2025-04-29,210.29347229003906,211.31900144522857,207.46578477039023,207.7844034400983,36827600,199.74741973876954,204.3136006840292,74.30756749157004
2025-04-30,211.57785034179688,212.65316547487808,205.7731479657814,208.39173986928208,52286500,199.21523818969726,205.00543398476896,62.48855860908581
2025-05-01,212.39431762695312,213.62892699621815,207.99348458901505,208.17271138967982,57365700,198.68903198242188,205.70913718878646,74.34101900153644
2025-05-02,204.45889282226562,206.0917754590827,201.2827333487594,205.19567188008233,101010600,198.79656448364258,205.59006629673686,57.61423384742846
2025-05-05,198.02691650390625,203.21431440062256,197.34987465543003,202.21865389928206,69018500,199.31978378295898,204.8697663164673,46.323668186468794
2025-05-06,197.6485595703125,199.77927242381972,196.16503515467957,197.3498735756035,51216500,200.16858367919923,204.18203234064302,46.32368256613206
2025-05-07,195.3983612060547,198.5745204381265,192.4113798882551,198.30568786560423,68536700,201.35491333007812,203.345492232587,52.26231880454337
2025-05-08,196.63299560546875,199.18188402861682,193.83517686729027,196.86199326420865,50478900,201.2872085571289,202.7062068395281,50.602991201644656
2025-05-09,197.66848754882812,199.66975978270045,196.68277813613466,198.13644922219603,36453900,201.69095001220703,202.2264240499376,56.79573483521747
2025-05-12,210.15048217773438,210.62903686932515,206.12274573806786,210.32994399020487,63775800,202.33396835327147,202.98109625258493,62.45576401723227
2025-05-13,212.28399658203125,212.75257189298435,208.36592688565332,209.79158118866218,51909300,202.86610946655273,203.86708676015124,60.06942564848597
2025-05-14,211.68582153320312,213.29093762104833,209.94113079478424,211.78550901932945,49325800,203.38726043701172,204.61172816710857,55.35426031193384
2025-05-15,210.80848693847656,212.31391554357438,208.90427796298633,210.31000386923802,45029500,204.2563362121582,205.2018956691436,53.09381152449588
2025-05-16,210.6190643310547,211.92510277199543,209.1335944967917,211.71573318604425,54737900,204.98102951049805,205.71781649408751,51.79651551903411
2025-05-19,208.14657592773438,208.84444913775627,203.6402850091008,207.27922031045682,46140500,205.77226867675782,205.94912691633957,47.324396844020924
2025-05-20,206.232421875,207.83753801206538,204.40797196423648,207.03996203611737,42496600,206.1402275085449,205.97610738859294,43.441133122242164
2025-05-21,201.4768829345703,206.41186226922272,200.10108001028593,204.5475404614086,59211800,206.02846450805663,205.54760982154318,37.78501795494891
2025-05-22,200.7490997314453,202.1348820380274,199.09413231135568,200.1010778345708,46742400,205.69263076782227,205.09060886058148,45.05111020009697
2025-05-23,194.67758178710938,197.10020219746903,192.8730755135501,193.0824298832746,78432900,205.00791854858397,204.0988919964413,45.48857746997619
2025-05-27,199.60260009765625,200.1309909415137,196.83102019804124,197.6983910952664,56288500,204.52664337158203,203.67067372036655,52.34481485740318
2025-05-28,199.81195068359375,202.11494001836002,199.2935240345892,199.98143310081724,45339700,204.00256729125977,203.30317628829295,55.568998639561606
2025-05-29,199.3433837890625,203.19167383577107,197.90775006205254,202.9623758748587,51396800,203.39084396362304,202.92605319312813,53.48734387957681
2025-05-30,200.24066162109375,201.3472946799051,196.18300200128658,198.7651407343476,70819900,202.78316116333008,202.6703016148391,53.32132242894533
2025-06-02,201.08807373046875,201.51677709467234,199.51286535414474,199.67238359256916,35423300,202.61462020874023,202.51961324489903,33.272007255479636
2025-06-03,202.65330505371094,203.1517881077627,200.35031577799097,200.73913195165156,46381600,202.84593963623047,202.53234579811922,31.842089061529933
2025-06-04,202.20468139648438,205.6143037964219,201.48686455307688,202.29440469878628,43604000,203.07374572753906,202.50113966463016,32.022676062369015
2025-06-05,200.02133178710938,204.12882762641604,199.54277706238673,202.88261988754903,55126100,203.3048942565918,202.26496748581863,30.511529383484117
2025-06-06,203.30133056640625,205.07592905349443,201.4370087789868,202.3841235560851,46607700,203.63831100463867,202.3636687315889,38.10755437804177
2025-06-09,200.83883666992188,205.37503589356555,199.4131823149893,203.76991971327615,72862600,203.79682846069335,202.21844663047776,38.11993772716042
2025-06-10,202.05511474609375,203.73002568042446,199.96149509379936,199.9914028593682,54672600,203.39206008911134,202.2028912129174,43.05135767623901
2025-06-11,198.1769256591797,203.8795731269679,197.80805305990708,202.88260699920767,60989900,202.68670654296875,201.81946592208524,44.34572675762335
2025-06-12,198.5956573486328,199.07419684911244,196.7612432530472,198.47602627663701,43904600,202.03219833374024,201.51243653413738,46.27071312226569
2025-06-13,195.85398864746094,199.76209396079906,195.1062640673262,199.12403626091725,51447300,201.28447341918945,200.97353673540627,52.302869947602446
2025-06-16,197.81802368164062,198.08720880439395,195.96366601516638,196.701426450214,43020700,200.64442138671876,200.67301168266667,46.04853630221869
2025-06-17,195.0464630126953,197.7881200100286,194.61777485692886,196.60172782081946,38856200,199.9894157409668,200.1371499045742,40.523389078400946
2025-06-18,195.9835968017578,196.97059871241268,194.4781834746436,195.34553910938874,45394700,199.4769744873047,199.74157341859168,43.44098654339839
2025-06-20,200.39019775390625,201.08807102199273,196.2627584683704,197.63857663438114,96813500,199.4226402282715,199.80334716481212,50.25674694287748
2025-06-23,200.888671875,201.686247808318,198.3563846401482,201.01828233775666,55814300,199.42961883544922,199.9067114229253,49.65348377674046
2025-06-24,199.6923065185547,202.82277936444737,199.59260382672892,201.9753521214132,54064000,199.68035507202148,199.88629190822334,44.787617408345746
2025-06-25,200.94850158691406,203.05210084338043,200.01135094007643,200.83883469818846,39525700,199.74765014648438,199.9874547347653,47.849822683828734
2025-06-26,200.39019775390625,202.025221644493,198.85487656411598,200.81888589983927,50799100,199.7765625,200.0258112127787,50.668573875007056
2025-06-27,200.46995544433594,202.60346239871808,199.39323017588663,201.2774955925489,73188600,199.83289108276367,200.06811066340322,44.19462039474467
2025-06-30,204.5475311279297,206.76079706763053,198.65545787730727,201.39711462840114,91912800,200.04823455810546,200.49472213621527,57.131866152032316
2025-07-01,207.1894989013672,209.5523036527052,205.5145879695679,206.04297877714563,78788900,200.3533058166504,201.13231992337262,59.36024105568682
2025-07-02,211.7954864501953,212.69274987948137,207.5085290616707,208.2761972389462,67941800,200.8104148864746,202.1478595925938,74.1855289942573
2025-07-03,212.90213012695312,213.9987837940836,211.16740350258758,211.5063683517463,34955800,201.34528732299805,203.17207583396137,74.801225474247
2025-07-07,209.3130340576172,215.57398008038285,208.16652910348648,212.03474730839852,50229000,201.80987243652345,203.75692899811904,72.66618835776957
2025-07-08,209.3728485107422,210.78853856973336,207.81758380403343,209.46258702266434,42848900,202.11344833374022,204.2917784755117,70.7929217127992
2025-07-09,210.4994354248047,210.6888614301138,206.59132988433592,208.8943192909964,48749400,202.5964782714844,204.88298389925387,79.5575269796351
2025-07-10,211.76556396484375,212.83230973607434,209.3927798795442,209.87131932773667,44443600,203.08200073242188,205.5384677150243,79.81161061967309
2025-07-11,210.51937866210938,211.48643705736623,209.2233196075129,209.931172276849,39765800,203.69912338256836,206.01284018617528,71.72797044221463
2025-07-14,207.98707580566406,210.27013683517245,206.91035052542594,209.29309904361602,38840100,204.16869430541993,206.2008626261266,64.00471318397013
2025-07-15,208.4755859375,211.24715053377864,208.28615994072268,208.5852528191871,42296300,204.79977416992188,206.41750294149548,67.82679037190235
2025-07-16,209.5224151611328,211.7556096589697,208.0070223143888,209.66198981724762,47490500,205.38499374389647,206.7132088671752,67.55101632847357
2025-07-17,209.38284301757812,211.1574416148312,208.95413964633332,209.93117746335784,48068100,206.10181274414063,206.96745973864213,68.72924770548903
2025-07-18,210.539306640625,211.1474566075158,209.06380098140497,210.23024956462245,48974600,206.829598236084,207.30763563406907,70.07153185476095
2025-07-21,211.83535766601562,215.12534891613055,210.98794558852114,211.45652088357517,51377400,207.40185623168946,207.73884725615926,66.33885082919801
2025-07-22,213.74954223632812,214.29787667610697,211.5861274580158,212.49337032996837,46404100,208.04489974975587,208.31129439712777,65.20333517929524
2025-07-23,213.5002899169922,214.4972560435483,211.76557859278188,214.3477172095632,46989300,208.73529891967775,208.80548444663864,54.950752144235864
2025-07-24,213.11148071289062,215.03563331063384,212.8821827557749,213.25105536667797,46022600,209.34344787597655,209.21557932913885,50.634403928495466
2025-07-25,213.23110961914062,214.58698409364732,212.75255494872997,214.0486138925591,40268800,209.9854934692383,209.59801078532948,65.03445731917958
2025-07-28,213.40061950683594,214.1981955143971,212.41361748607306,213.38067592321022,37858000,210.63202667236328,209.9601639969015,65.32635656754272
2025-07-29,210.62904357910156,214.1582970701604,210.18041185237743,213.53020352524888,51411700,210.93610229492188,210.02386681425392,50.438309510294644
2025-07-30,208.415771484375,211.74563469104578,207.0898047125579,211.25711581327238,45512500,210.99741592407227,209.87071487807498,39.353670435742394
2025-07-31,206.94027709960938,209.20337937318874,206.5315173151756,207.85748415888986,80698400,210.75465545654296,209.59162556584016,38.78829883848764
2025-08-01,201.76602172851562,212.93203997684435,200.88868661623732,210.23025491744008,104434500,210.1978500366211,208.84632996228544,33.279800655023436
2025-08-04,202.7330780029297,207.24933356384108,201.06813110178,203.8895472057539,75109300,209.8688522338867,208.26411548996583,34.95304084986266
2025-08-05,202.3043670654297,204.71702329589334,201.54667827641916,202.78290655256814,44155100,209.5154281616211,207.6965204019148,30.453553005422933
2025-08-06,212.60302734375,214.72657006985978,204.96626313259566,205.00615029681612,108483100,209.62060775756837,208.1638067773277,55.62518391838928
2025-08-07,219.36245727539062,220.1799768073744,215.92292715514498,218.2159523061407,90224800,210.0004524230957,209.23034492000033,62.88958497174355
2025-08-08,228.65420532226562,230.29919347638386,218.58484056145957,220.16004899168945,113854000,210.9071937561035,211.08023638688275,69.91735555110634
2025-08-11,226.74781799316406,229.12329528601256,224.3324234952035,227.4864157407103,61806100,211.84523086547853,212.57238701605237,65.39576934657691
2025-08-12,229.21310424804688,230.36092560837628,226.63802588155738,227.57622481823222,55626200,212.88210678100586,214.1572172286233,67.68273270431936
2025-08-13,232.88612365722656,234.55294488479396,229.99163136972763,230.6304284784954,69878500,214.05029220581054,215.94092260277597,70.72204009802407
2025-08-14,232.33717346191406,234.67271834509882,230.41085227691244,233.61473725595164,51916300,215.19800872802733,217.50247030364628,69.84288726620167
2025-08-15,231.1494140625,233.834298979768,228.9036945156081,233.5548328767578,56038700,216.2285140991211,218.80217923306094,68.05147966000953
2025-08-18,230.45074462890625,232.67649791960375,229.6722297518056,231.2592012143754,37476200,217.15928344726564,219.9115664136176,71.04719532210738
2025-08-19,230.1213836669922,232.42698672077375,228.9136940815642,230.84001516813981,39402600,217.97787551879884,220.883929961558,74.00808967707113
2025-08-20,225.5800323486328,230.0315543310328,225.3404986724704,229.54248102593337,42263900,218.58186264038085,221.33117780794606,69.30754726225831
2025-08-21,224.47213745117188,226.08906587116957,223.3542730460458,225.8395414786139,30621200,219.14989547729493,221.63031682158663,75.68316159079204
2025-08-22,227.3267059326172,228.65417758009713,224.98118568943215,225.73973438952316,42477800,219.85467529296875,222.1728300702562,76.67896415102335
2025-08-25,226.7278594970703,228.86378779922748,225.79962078901826,226.0491451945495,30983100,220.52103729248046,222.60664239661943,76.39696525719518
2025-08-26,228.87376403808594,229.0534295301293,224.26255788237486,226.43840339540802,54575100,221.4332733154297,223.20351112437817,71.34753113384741
2025-08-27,230.05152893066406,230.46073738560713,227.82576024347395,228.17510050695543,31259500,222.51506118774415,223.85570329640538,66.43081676184008
2025-08-28,232.11758422851562,232.9659733126178,228.90370861616245,230.3809040856524,38074700,223.77392654418946,224.6425490994635,56.8441303115464
2025-08-29,231.69837951660156,232.9360260407387,230.92984008944924,232.0676707602769,39418400,225.27054443359376,225.31453294871477,60.39394739337587
2025-09-02,229.28298950195312,230.4108447009183,226.53822101083426,228.81388239599917,44075600,226.59804000854493,225.69248119188032,50.147035595455634
2025-09-03,238.01634216308594,238.395624134605,233.9141603097862,236.75874463665696,66427800,228.38363876342774,226.86618223675706,58.89888199546869
2025-09-04,239.3238525390625,239.4436193831587,236.28964239378743,237.9963808412042,47549400,229.71968002319335,228.05262702745281,61.80835189728867
2025-09-05,239.2340087890625,240.86091270031892,238.03629475202086,239.54341659874092,54870400,230.71325759887696,229.11752052855852,64.19061087184761
2025-09-08,237.42745971679688,239.69313028194867,235.89038089866295,238.84475646782593,48999500,231.15192031860352,229.90894330839072,61.78754139068579
2025-09-09,233.9041748046875,238.3257397896772,232.9160527142261,236.54912730927947,66313900,231.50973815917968,230.28944154613325,55.76864456433772
2025-09-10,226.35855102539062,231.97784546194652,225.52015268533836,231.7482872752143,83440800,231.36701049804688,229.91507102034825,51.08756588256309
2025-09-11,229.59239196777344,230.01159113632517,226.21881717306923,226.44839058875493,50208600,231.20232391357422,229.8843396820078,56.75179287373686
2025-09-12,233.62472534179688,234.0638755168574,228.58432913969838,228.78394562468256,55824200,231.26670150756837,230.240566887702,58.05465928592365
2025-09-15,236.24969482421875,237.7368657054393,234.58287368836292,236.54912714503797,42699500,231.5217155456543,230.8128647864179,61.577648836878794
2025-09-16,237.6969451904297,240.76111223381088,235.87043992435724,236.72878926810645,63421100,231.88402557373047,231.46849149156188,60.91357260414622
2025-09-17,238.5353546142578,239.6432435766681,237.27774187166392,238.5153883976145,46508000,232.30472412109376,232.14152607467577,60.58265954045041
2025-09-18,237.42745971679688,240.74113579799257,236.199788714976,239.5134800259323,44249600,232.89709548950196,232.64494832630635,56.78570397866564
2025-09-19,245.032958984375,245.83144010441063,239.7530294205925,240.77107799962133,163741300,233.9251365661621,233.82475886517003,64.39653953906429
2025-09-22,255.5928192138672,256.15178189089505,247.64797087114997,247.82763635806887,105517400,235.33844223022462,235.89790746980785,74.15686260224953
2025-09-23,253.9459686279297,256.8504363399061,253.0975947938589,255.39322235208516,60275200,236.69934768676757,237.61677043724802,66.81414446876101
2025-09-24,251.8300018310547,255.2534845023776,250.56241362070242,254.73446948849343,42303700,237.847159576416,238.97041152237244,62.97906033594043
2025-09-25,256.3813171386719,256.6807646844572,251.2311452680336,252.72829161839874,55202100,239.1636489868164,240.62859300963905,66.28744573585885
2025-09-26,254.97401428222656,257.10994249251326,253.2972024297037,253.61660096533106,46076300,240.30647048950195,241.99482360702834,66.79404619720547
2025-09-29,253.9459686279297,254.5148915782133,252.52867184357527,254.0757261912774,40127700,241.41884994506836,243.13302789473323,70.14446493802795
2025-09-30,254.14559936523438,255.4331385813304,252.6284867333586,254.37515755125318,37704300,242.66198043823243,244.18184422525712,82.76838720079232
2025-10-01,254.9640350341797,258.29769267334166,254.44502000530687,254.55481135314994,48713900,243.5093650817871,245.20871954039262,81.7274314831154
2025-10-02,256.6408386230469,257.68882891050583,253.66649683440303,256.09186667190835,42630200,244.37521438598634,246.29749278635967,80.58356758545403
2025-10-03,257.5291442871094,258.7468246365968,253.46689477740222,254.18552630266564,49155600,245.28997116088868,247.36717388166917,79.64407637138157
2025-10-06,256.2016906738281,258.5771679771474,254.56481112131073,257.49920544747016,44664100,246.22868270874022,248.20855643330336,75.86500928406684
2025-10-07,255.99208068847656,256.91031341337026,254.94405994391948,256.3214394907812,31955800,247.33307800292968,248.94984445760556,74.83672219978898
2025-10-08,257.5690612792969,258.0281776413904,255.62275879770374,256.03198246417537,36496900,248.893603515625,249.77072225014757,78.2791858336704
2025-10-09,253.55670166015625,257.50917476461467,252.65841993311406,257.3195337882977,38322000,250.09181900024413,250.13129171776745,63.3104777372388
2025-10-10,244.80340576171875,255.8922708493858,243.53581752909898,254.45500785015722,61999100,250.65075302124023,249.62387400766758,32.144038602078695
2025-10-13,247.18885803222656,249.2149949644775,245.09284695690994,248.90558714178317,38142900,251.1977111816406,249.39196772429224,39.08416576201365
2025-10-14,247.29864501953125,248.37659224814226,244.23447809703134,246.13087266264282,35478000,251.67779617309571,249.19260365717213,42.17241061191139
2025-10-15,248.8656463623047,251.3409393203658,246.99920876557604,249.01537013681215,33893600,252.19431076049804,249.16146486718475,35.52477598605809
2025-10-16,246.979248046875,248.56621957555782,244.66366953460536,247.7777291727393,39777000,252.67190017700196,248.95363469382193,34.881052758545266
2025-10-17,251.81002807617188,252.89796599708643,246.79958926324147,247.5481624372989,49147000,253.0107536315918,249.22567215880767,46.468620188409545
2025-10-20,261.7411193847656,263.87706298772724,255.14370850365398,255.4032084113237,90483000,253.31816864013672,250.4176195136608,59.50063365550517
2025-10-21,262.2701110839844,264.7853366806196,261.33189684706855,261.38182000576944,46695900,253.73437576293946,251.546428234644,59.20524494655582
2025-10-22,257.9583435058594,262.349966966352,254.94406918261987,262.15033525743416,45015300,254.0407928466797,252.15708683190263,51.5566250672451
2025-10-23,259.0861511230469,260.12418111371363,257.51916110368444,259.4454820834593,32754900,254.17603454589843,252.8169977167735,51.8292429329268
2025-10-24,262.32000732421875,263.6275126875418,258.68691759501684,260.69310343226954,38253700,254.54333419799804,253.7220462508159,56.87989650214305
2025-10-27,268.2986145019531,268.60802232244004,264.1465248140549,264.37609822840903,44888200,255.2609664916992,255.11029084616231,62.249164451040606
2025-10-28,268.4882507324219,269.3765722048576,267.63986169210665,268.4782600095115,41534800,255.97809906005858,256.38438226390133,61.17696782420236
2025-10-29,269.1869201660156,270.8936584399069,266.6018207191691,268.76770579477784,51086700,256.6892433166504,257.60367158791223,67.16356239485802
2025-10-30,270.8836669921875,273.6184749716116,267.969239224885,271.4725408872279,69886500,257.4013847351074,258.86843305498604,83.89107400771414
2025-10-31,269.85565185546875,276.79244258078194,268.647962249571,276.4630533049319,86167100,258.01771011352537,259.9148348455082,80.5324747876896
2025-11-03,268.53814697265625,270.33474092754267,265.74348587775046,269.90556627002525,50194600,258.6345329284668,260.7361026671414,77.70836733962632
2025-11-04,269.5262756347656,270.9734988318123,267.11086611942017,267.8195068636227,49274800,259.3112426757813,261.57326199739134,77.36652096951597
2025-11-05,269.6260986328125,271.18312844251227,266.4221834255846,268.0989800730272,43683100,259.91409454345705,262.34019881981243,81.48769840731035
2025-11-06,269.25677490234375,272.8798740142925,267.38037702601645,267.38037702601645,51204000,260.69909820556643,262.99892035148207,77.69327576000953
2025-11-07,267.9592590332031,271.7719991063764,266.26248096015127,269.28671541495146,48227400,261.8568908691406,263.471333559265,63.59667737018975
2025-11-10,269.1781311035156,273.4741297822401,267.20997142836535,268.7085692371889,41312400,262.95635452270506,264.0148380872889,64.66280256823492
2025-11-11,274.99267578125,275.65206242273547,269.5477586519058,269.55775905965567,46208300,264.341056060791,265.0603464390947,83.98838193476104
2025-11-12,273.21435546875,275.4722525277038,271.4460210796085,274.74292397164845,48398000,265.5584915161133,265.8369187276333,77.47655353249031
2025-11-13,272.6948547363281,276.4413491841305,271.83564282199285,273.85374352181776,49602800,266.8442718505859,266.49005549036616,72.55871544657182
2025-11-14,272.15533447265625,275.70200347225597,269.3479639093673,270.7965900477885,47431300,267.86153717041014,267.0296058696319,60.98397473226035
2025-11-17,267.2099609375,270.2371271729127,265.48159771217263,268.5687054184609,45018300,268.1349792480469,267.0467825427622,47.1354027752132
2025-11-18,267.19000244140625,270.4569347049811,265.0719890725528,269.7376065335732,45677300,268.38097381591797,267.06042253310926,45.38458825603949
2025-11-19,268.3089294433594,271.9555110777923,265.2517925781922,265.2817633125939,40424500,268.898503112793,267.1793279531331,43.885781537841645
2025-11-20,266.0010986328125,275.17250947675234,265.67142054546326,270.5768036466949,45823600,269.24425048828124,267.0671156369121,41.371102834078904
2025-11-21,271.2361755371094,273.0744516711978,265.4216397990326,265.70137680880595,59030800,269.69005889892577,267.4641689607404,55.13857034416779
2025-11-24,275.6620788574219,276.7410558404627,270.64675212306133,270.64675212306133,65585800,270.05823211669923,268.24492228423384,60.33294343291897
2025-11-25,276.7110900878906,280.1179060838009,274.9926967216935,275.012667049666,46914200,270.46937408447263,269.0512239798202,61.56179127311626
2025-11-26,277.29052734375,279.26868736786383,276.3714044558947,276.70108254872224,33431400,270.8745544433594,269.8359195382897,63.02075604964359
2025-11-28,278.5893249511719,278.73917862681736,275.73198274965245,277.0008150112318,20135600,271.2598373413086,270.6695771966595,67.22803206558726
2025-12-01,282.8353576660156,283.1550658399818,275.88187257202503,277.75011957449965,46587700,271.90882263183596,271.8282229556458,70.1563431766959
2025-12-02,285.9224548339844,287.1313151163589,282.36578537497866,282.7354345985028,53669500,272.77803802490234,273.1705307535828,67.54334317251352
2025-12-03,283.8843688964844,288.35019153510143,283.0351573834178,285.9324708384744,43538700,273.4959426879883,274.190896291002,66.98475896784197
2025-12-04,280.4375915527344,284.46382276925783,278.32954829392816,283.83440686502166,43989100,274.03651733398436,274.78581964926224,61.274353837868006
2025-12-05,278.5193786621094,280.8771882481053,277.79005013345267,280.27774306596746,47265800,274.49964752197263,275.1413966981048,58.90910395869985
2025-12-08,277.6302185058594,279.4085531850005,275.8918244790692,277.86998437615557,38211800,274.98319549560546,275.3784273464624,66.45634226392724
2025-12-09,276.9208679199219,279.7682096639769,276.6611317163261,277.8999627322321,32193300,275.3703323364258,275.5253264486966,65.04011659992358
2025-12-10,278.5193786621094,279.48847306800184,276.1815698919154,277.490342786908,33038300,275.5466674804687,275.8104742785454,65.55082500580991
2025-12-11,277.77008056640625,279.3286197507982,273.5540244422053,278.83908758708685,33248000,275.7744537353516,275.9971034488179,68.81787484873327
2025-12-12,278.0198669433594,278.9589906850317,276.5612402656973,277.64021728323,39532900,276.04070434570315,276.18974759115514,62.90388495823861
2025-12-15,273.8537292480469,279.8880911943856,272.5849275039148,279.8880911943856,50409100,276.12562408447263,275.96726965371624,46.525838111654416
2025-12-16,274.353271484375,275.2424541197232,271.53593087885605,272.5649667835892,37648600,276.48278961181643,275.8135555423504,45.37251214355448
2025-12-17,271.58587646484375,275.90184538512057,271.38608172110213,274.75292651919426,50138700,276.7025833129883,275.4109194397307,39.68946497517926
2025-12-18,271.935546875,273.374203136776,266.7004552212896,273.35420232069225,51630700,276.8839141845703,275.079931576423,37.546764389724004
2025-12-19,273.4141845703125,274.34330788170604,269.64768928264715,271.8955859651445,144632000,277.2545684814453,274.9212890044125,30.329660246942538
2025-12-22,270.7166748046875,273.62395794129594,270.25711338978425,272.6048920133635,36571800,277.22859344482424,274.52084955681966,17.72703189710228
2025-12-23,272.1053771972656,272.2452609569047,269.30800689497966,270.5868091030317,29642000,277.0507583618164,274.29080457019546,24.291434874352575
2025-12-24,273.55401611328125,275.17249671786806,271.9455359163183,272.085389177814,17910600,276.8929046630859,274.2206342409656,33.54042705966313
2025-12-26,273.1444091796875,275.1125687682936,272.6049054553,273.9037084592662,21521800,276.6855987548828,274.1181366160819,36.148376045790656
2025-12-29,273.50408935546875,274.10350406329195,272.0954038139857,272.4350823114352,23715200,276.4313369750977,274.05965592459495,39.068389571370595
2025-12-30,272.82470703125,273.82377221524894,272.02546707967076,272.5549704076282,22139600,275.93080444335936,273.94204174427637,39.13052632601861
2025-12-31,271.6058349609375,273.42414083736213,271.49595243002375,272.80472532736104,27293600,275.21497344970703,273.71954586014886,31.277159494934637
2026-01-02,270.75665283203125,277.58025431004916,268.7485221479618,272.0054842546519,37838100,274.5585876464844,273.4373655717567,31.108860626306992
2026-01-05,267.0101623535156,271.25618925068443,265.89121426121545,270.38700744645297,45647200,273.88721618652346,272.8252509795433,25.045376319095126
2026-01-06,262.1147155761719,267.2998660934885,261.8749496989937,266.7503924619391,52352100,273.0669830322266,271.80519998874604,24.243848611702575
2026-01-07,260.08660888671875,263.4334831315393,259.56710600115036,262.95395138764474,48309800,272.1898025512695,270.68914369331486,20.665637588946197
2026-01-08,258.7978515625,259.0476178563403,255.46096229095477,256.7797203952787,50419300,271.2836517333984,269.5566396808563,22.003586422903936
2026-01-09,259.1275329589844,259.9667440583015,255.98048371428257,258.8377955175017,39997000,270.3140594482422,268.5633914216304,21.935262122470476
2026-01-12,260.0067138671875,261.05572011368304,256.5599267903311,258.9177364764393,45263800,269.42589111328124,267.7484697497787,19.829139654982967
2026-01-13,260.8059387207031,261.56523797230057,258.148452318208,258.4781303943212,45730800,268.56519470214846,267.08727631843817,25.614490363835955
2026-01-14,259.71697998046875,261.57525710051715,256.4700180914029,259.247418118488,40019400,267.85835723876954,266.3853433338697,19.0618164635587
2026-01-15,257.9685974121094,260.7959687899761,256.8096782083212,260.40631875644857,39388600,267.03912353515625,265.5837484841782,11.651851618241807
2026-01-16,255.29112243652344,258.6579671912775,254.69167723491495,257.6589020182799,72142800,266.22438583374026,264.6034983844016,10.482031314911495
2026-01-20,246.46937561035156,254.55180921698133,243.19244305608962,252.49373739571587,80267500,264.9510772705078,262.8764390725873,6.4670844654244775
2026-01-21,247.41848754882812,251.3248360900433,244.9507953165175,248.46750904444812,54641700,263.6512924194336,261.4042532131817,9.441701077837777
2026-01-22,248.1178436279297,250.76536025794266,247.9180183962477,248.96703988447874,39708300,262.5213508605957,260.1388808717291,11.871507757181902
2026-01-23,247.80812072753906,249.17685039145397,244.45126111041233,247.08880782235642,41689000,261.3064880371094,258.9645227627586,12.083135213467742
2026-01-26,255.17123413085938,256.32015295784896,249.5664780183616,251.24490015634893,55969200,260.3873489379883,258.60325717876816,32.52725148474538
2026-01-27,258.0285339355469,261.70511669708895,257.96859246831417,258.92771692213245,49648300,259.6315551757813,258.5485216317947,43.583281336710954
2026-01-28,256.2002868652344,258.61800761819165,254.27208306792676,257.409147241713,41288000,258.76636505126953,258.3248802254556,43.858580539126606
2026-01-29,258.0385437011719,259.4072580677027,254.17216647920577,257.75880668092503,67253000,258.0270568847656,258.2976100802857,48.82057539197228
2026-01-30,259.2374267578125,261.6551472598355,251.94423313215475,254.93144331105526,92443400,257.40863647460935,258.38711643052636,50.16620879628091
2026-02-02,269.7575988769531,270.2371306501278,258.9676766447768,259.7869174093499,73913400,257.35868377685546,259.4700195206623,61.4179111944608
2026-02-03,269.22808837890625,271.6258386480508,267.3598109321867,268.9483513556569,64394700,257.469580078125,260.3993594119236,59.92470262968999
2026-02-04,276.23150634765625,278.68922850453845,272.03545112075,272.03545112075,90545700,258.17541961669923,261.9071829296124,67.07997745175831
2026-02-05,275.6520690917969,279.2387093202658,272.97458180817284,277.86999494352693,52977400,258.9536926269531,263.21621970696333,68.7421200565383
2026-02-06,277.8599853515625,280.6473855638201,276.67109542368036,276.8609202349588,50453400,259.90679931640625,264.610864054068,74.16046132279104
2026-02-09,274.6199951171875,278.20001220703125,271.70001220703125,277.9100036621094,44623400,260.6814224243164,265.5641146315079,84.22614707782293
2026-02-10,273.67999267578125,275.3699951171875,272.94000244140625,274.8900146484375,34376900,261.3650863647461,266.3370553976292,81.93639419654752
2026-02-11,275.5,280.17999267578125,274.45001220703125,274.70001220703125,51931300,262.09978942871095,267.20971678833115,82.41567758691636
2026-02-12,261.7300109863281,275.7200012207031,260.17999267578125,275.5899963378906,81077200,262.20044097900393,266.6878400452833,62.498051428053245
2026-02-13,255.77999877929688,262.2300109863281,255.4499969482422,262.010009765625,56290700,262.0910110473633,265.64899801995125,50.560730850316226
2026-02-17,263.8800048828125,266.2900085449219,255.5399932861328,258.04998779296875,58469100,262.52045516967775,265.4805224830809,54.915067240250536
2026-02-18,264.3500061035156,266.82000732421875,262.45001220703125,263.6000061035156,34203300,263.41448669433595,265.37285425645564,57.00537660358986
2026-02-19,260.5799865722656,264.4800109863281,260.04998779296875,262.6000061035156,30845300,264.0725616455078,264.91639066748513,52.11436748223766
2026-02-20,264.5799865722656,264.75,258.1600036621094,258.9700012207031,42070500,264.8956687927246,264.88435218222617,54.2468353417045
2026-02-23,266.17999267578125,269.42999267578125,263.3800048828125,263.489990234375,37308200,265.8142623901367,265.00774651494567,46.686193731778175
2026-02-24,272.1400146484375,274.8900146484375,267.7099914550781,267.8599853515625,47014600,266.66270141601564,265.68701014670677,52.45066967198041
2026-02-25,274.2300109863281,274.94000244140625,271.04998779296875,271.7799987792969,33714300,267.4727752685547,266.50062927428974,48.163678321576505
2026-02-26,272.95001220703125,276.1099853515625,270.79998779296875,274.95001220703125,32345100,268.31026153564454,267.11485622026515,47.55239458469962
2026-02-27,264.17999267578125,272.80999755859375,262.8900146484375,272.80999755859375,72366500,268.617333984375,266.8353454065048,38.924889092251334
2026-03-02,264.7200012207031,266.5299987792969,260.20001220703125,262.4100036621094,41827900,268.8914627075195,266.6338840554761,41.618710667856504
2026-03-03,263.75,265.55999755859375,260.1300048828125,263.4800109863281,38568900,268.59108276367186,266.359228431145,41.59758173472213
2026-03-04,262.5199890136719,266.1499938964844,261.4200134277344,264.6499938964844,39803100,268.2556777954102,265.99358658186185,38.90599087812759
2026-03-05,260.2900085449219,261.55999755859375,257.25,260.7900085449219,49658600,267.45860290527344,265.45038867358187,48.4667803492099
2026-03-06,257.4599914550781,258.7699890136719,254.3699951171875,258.6300048828125,41120000,266.5489990234375,264.6893984622958,51.916046199511044
2026-03-09,259.8800048828125,261.1499938964844,253.67999267578125,255.69000244140625,38218500,265.65,264.23136097853546,44.75892293051191
2026-03-10,260.8299865722656,262.4800109863281,256.95001220703125,257.6499938964844,30590800,264.9604995727539,263.9074205588907,45.44511822379197
2026-03-11,260.80999755859375,262.1300048828125,259.54998779296875,261.0899963378906,26218900,264.3169998168945,263.61242789219574,50.32962265487717
2026-03-12,255.75999450683594,258.95001220703125,254.17999267578125,258.6600036621094,40794000,263.32999954223635,262.86457709359007,37.729576749610565
2026-03-13,250.1199951171875,256.3299865722656,249.52000427246094,255.47999572753906,36930000,262.7494987487793,261.6508073815517,29.914981382617356
2026-03-16,252.82000732421875,253.88999938964844,249.8800048828125,252.11000061035156,32074200,262.6014991760254,260.80977880466287,23.69282322259363
2026-03-17,254.22999572753906,255.1300048828125,252.17999267578125,252.9600067138672,32361600,262.1189987182617,260.18313279731774,22.253049321335737
2026-03-18,249.94000244140625,254.94000244140625,249.0,252.6300048828125,35757900,261.39849853515625,259.2075965729452,20.53777339790605
2026-03-19,248.9600067138672,251.8300018310547,247.3000030517578,249.39999389648438,34864100,260.8174995422363,258.2316356339854,25.655808323021688
2026-03-20,247.99000549316406,249.1999969482422,246.0,247.97999572753906,88331100,259.9880004882813,257.2562422872405,23.603656525434133
2026-03-23,251.49000549316406,254.60000610351562,250.27999877929688,253.97000122070312,40546100,259.2535011291504,256.7070768782809,32.08649980090438
2026-03-24,251.63999938964844,254.8300018310547,249.5500030517578,250.35000610351562,45152300,258.22850036621094,256.2244980698397,33.58479202858747
2026-03-25,252.6199951171875,255.0,251.60000610351562,254.10000610351562,28476700,257.1479995727539,255.881212074349,37.974259572753695
2026-03-26,252.88999938964844,257.0,250.77000427246094,252.1199951171875,41796700,256.14499893188474,255.5963346758061,42.20934787731984
2026-03-27,248.8000030517578,255.49000549316406,248.07000732421875,253.89999389648438,47900000,255.3759994506836,254.9490649973253,32.12900291541746
2026-03-30,246.6300048828125,250.8699951171875,245.50999450683594,250.07000732421875,39446200,254.47149963378905,254.15677355784788,27.964005895145206
2026-03-31,253.7899932861328,255.47999572753906,247.10000610351562,247.91000366210938,49598100,253.9734992980957,254.12184210339885,41.082304869751646
2026-04-01,255.6300048828125,256.17999267578125,253.3300018310547,254.0800018310547,40059400,253.62900009155274,254.2654766538192,49.820207882657094
2026-04-02,255.9199981689453,256.1300048828125,250.64999389648438,254.1999969482422,31289400,253.4104995727539,254.42305013145025,59.41559776607166
2026-04-06,258.8599853515625,262.1600036621094,256.4599914550781,256.510009765625,29329900,253.48049926757812,254.84561539050858,59.729362502052375
2026-04-07,253.5,256.20001220703125,245.6999969482422,256.1600036621094,62148000,253.1614990234375,254.71746154379346,48.95684926219996
2026-04-08,258.8999938964844,259.75,256.5299987792969,258.45001220703125,41032800,253.06499938964845,255.11579795833546,62.4099793477682
2026-04-09,260.489990234375,261.1199951171875,256.07000732421875,259.0,28121600,253.0489990234375,255.62762579414877,65.70416859428146
2026-04-10,260.4800109863281,262.19000244140625,259.0199890136719,259.9800109863281,31291500,253.2849998474121,256.0897577172135,67.468576430904
2026-04-13,259.20001220703125,260.17999267578125,256.6600036621094,259.7300109863281,36234700,253.7390007019043,256.3859724305295,61.497203307337664
2026-04-14,258.8299865722656,261.92999267578125,257.19000244140625,259.25,48370700,254.03949966430665,256.6187356821234,60.65184731062913
2026-04-15,266.42999267578125,266.55999755859375,257.80999755859375,258.1600036621094,49913500,254.64949951171874,257.5531411100908,67.10429733536029
2026-04-16,263.3999938964844,267.1600036621094,261.2699890136719,266.79998779296875,43323100,255.32249908447267,258.10998423260446,62.18409978189074
2026-04-17,270.2300109863281,272.29998779296875,266.7200012207031,266.9599914550781,61436200,256.3859992980957,259.26427249486386,73.35951312898456
2026-04-20,273.04998779296875,274.2799987792969,270.2900085449219,270.3299865722656,36590200,257.6389984130859,260.5771977613501,78.39639561627588
2026-04-21,266.1700134277344,272.79998779296875,265.3999938964844,271.5,50209800,258.3729988098145,261.1098468724343,63.38671605979578
2026-04-22,273.1700134277344,273.739990234375,266.8699951171875,267.82000732421875,43249200,259.4494995117187,262.25843416341525,67.06228740827645
2026-04-23,273.42999267578125,275.7699890136719,271.6499938964844,275.04998779296875,33399600,260.48999938964846,263.3223921169739,67.04304280398588
2026-04-24,271.05999755859375,273.05999755859375,269.6499938964844,272.760009765625,38157100,261.3984992980957,264.0593069209377,62.007903343241544
2026-04-27,267.6099853515625,268.3599853515625,265.07000732421875,266.0899963378906,41466800,262.33899841308596,264.3974667714734,64.43035256606322
2026-04-28,270.7099914550781,273.2300109863281,268.6600036621094,272.3399963378906,40018900,263.5429977416992,264.99865959848336,62.67440032489225
2026-04-29,270.1700134277344,271.0400085449219,267.0400085449219,267.54998779296875,30047900,264.3619987487793,265.4911694869835,60.628057038585276
2026-04-30,271.3500061035156,276.0,268.1400146484375,270.5,91848200,265.14799880981445,266.0491539266532,61.63562856724718
2026-05-01,280.1400146484375,287.2200012207031,278.3699951171875,278.8599853515625,79915400,266.35899963378904,267.3911406620612,69.31023031722088
2026-05-04,276.8299865722656,280.6300048828125,274.8599853515625,279.6600036621094,46668400,267.2574996948242,268.290078367795,65.7452838146777
2026-05-05,284.17999267578125,284.57000732421875,276.5,276.92999267578125,49311700,268.79149932861327,269.8034035399841,65.59480616422121
2026-05-06,287.510009765625,288.0299987792969,281.07000732421875,281.9200134277344,58336100,270.2220001220703,271.48974699004515,71.07150801453278
2026-05-07,287.44000244140625,292.1300048828125,285.7799987792969,289.2699890136719,45224300,271.5695007324219,273.0088189377938,67.05648929767202
2026-05-08,293.32000732421875,294.760009765625,290.0,290.010009765625,52631200,273.2115005493164,274.94321783173905,68.94039976822386
